global_question_id,global_passage_id,question_id,passage_id,question_text,choice_1,choice_2,choice_3,choice_4,correct_answer,question_type,difficulty,manual_review,used_count,level,fixed_question_text
1,101,1,1,Which statement best summarizes this passage?,"It lists random, unrelated facts.",It tells a fantasy story about dragons.,It argues that homework should be banned.,It explains tom is at school..,It explains tom is at school..,Literal,1,FALSE,0,1,", 'What is the main idea of the passage about nan?"
2,101,2,1,Which statement best summarizes this passage?,"It lists random, unrelated facts.",It tells a fantasy story about dragons.,It argues that homework should be banned.,It explains tom is at school..,It explains tom is at school..,Literal,1,FALSE,0,1,", 'What is the main idea of the passage about nan?"
3,101,3,1,Who helps Tom?,his teacher,his friend,his sister,his father,his teacher,Detail,1,FALSE,0,1,Who helps Tom?
4,101,4,1,What is the author's main purpose in this passage?,To persuade readers to buy a product.,To entertain with a fantasy story.,To give step-by-step instructions for a craft.,To inform readers about a topic.,To inform readers about a topic.,Inference,1,FALSE,0,1,", 'What is the main idea of the passage about nan?"
5,102,5,2,Which statement best summarizes this passage?,"It lists random, unrelated facts.",It tells a fantasy story about dragons.,It argues that homework should be banned.,It explains i have a dog..,It explains i have a dog..,Literal,1,FALSE,0,1,", 'What is the main idea of the passage about nan?"
6,102,6,2,What does Max like to do?,sleep,run and play,eat,bark loudly,run and play,Detail,1,FALSE,0,1,What does Max like to do?
7,102,7,2,Which statement best summarizes this passage?,"It lists random, unrelated facts.",It tells a fantasy story about dragons.,It argues that homework should be banned.,It explains i have a dog..,It explains i have a dog..,Literal,1,FALSE,0,1,", 'What is the main idea of the passage about nan?"
8,102,8,2,What is the best title for this passage?,How to Build a Robot,Why Rules Matter,I Have a dog.,A Day at the Beach,I Have a dog.,Vocabulary,1,FALSE,0,1,What is the best title for this passage?
9,103,9,3,Which statement best summarizes this passage?,It explains the sun is yellow..,"It lists random, unrelated facts.",It tells a fantasy story about dragons.,It argues that homework should be banned.,It explains the sun is yellow..,Literal,1,FALSE,0,1,", 'What is the main idea of the passage about nan?"
10,201,1,1,Which statement best summarizes this passage?,"It lists random, unrelated facts.",It tells a fantasy story about dragons.,It argues that homework should be banned.,It explains i had a red pencil i liked very much..,It explains i had a red pencil i liked very much..,Literal,1,FALSE,0,2,", 'What is the main idea of the passage about nan?"
11,201,2,1,Where did the writer look for the pencil?,in the desk,in the bag,in the garden,on the bed,in the desk,Detail,1,FALSE,0,2,Where did the writer look for the pencil?
12,201,3,1,Who found the pencil?,Sam,Mom,Tom,Lucy,Sam,Detail,1,FALSE,0,2,Who found the pencil?
13,201,4,1,What is the author's main purpose in this passage?,To entertain with a fantasy story.,To give step-by-step instructions for a craft.,To inform readers about a topic.,To persuade readers to buy a product.,To inform readers about a topic.,Inference,1,FALSE,0,2,", 'What is the main idea of the passage about nan?"
14,202,5,2,Which statement best summarizes this passage?,It explains a new student came to our class today..,"It lists random, unrelated facts.",It tells a fantasy story about dragons.,It argues that homework should be banned.,It explains a new student came to our class today..,Literal,1,FALSE,0,2,", 'What is the main idea of the passage about nan?"
15,202,6,2,How did Lucy feel at first?,shy,angry,happy,tired,shy,Detail,1,FALSE,0,2,How did Lucy feel at first?
16,202,7,2,Which statement best summarizes this passage?,It explains a new student came to our class today..,"It lists random, unrelated facts.",It tells a fantasy story about dragons.,It argues that homework should be banned.,It explains a new student came to our class today..,Literal,1,FALSE,0,2,", 'What is the main idea of the passage about nan?"
17,202,8,2,What is the best title for this passage?,Why Rules Matter,A New student came to our,A Day at the Beach,How to Build a Robot,A New student came to our,Literal,1,FALSE,0,2,What is the best title for this passage?
18,203,9,3,What broke the kite string?,the wind,a bird,Tom,a tree,the wind,Literal,1,FALSE,0,2,What broke the kite string?
19,203,10,3,Where did the kite fall?,into a tree,on the ground,into the water,on the roof,into a tree,Detail,1,FALSE,0,2,Where did the kite fall?
20,203,11,3,Which statement best summarizes this passage?,"It lists random, unrelated facts.",It tells a fantasy story about dragons.,It argues that homework should be banned.,It explains tom‚Äôs kite flew high in the sky..,It explains tom‚Äôs kite flew high in the sky..,Literal,1,FALSE,0,2,", 'What is the main idea of the passage about nan?"
21,203,12,3,What did they do after fixing it?,flew it again,went home,sold it,painted it,flew it again,Sequence,1,FALSE,0,2,What did they do after fixing it?
22,204,13,4,Which statement best summarizes this passage?,"It lists random, unrelated facts.",It tells a fantasy story about dragons.,It argues that homework should be banned.,It explains i woke up late this morning..,It explains i woke up late this morning..,Literal,1,FALSE,0,2,", 'What is the main idea of the passage about nan?"
23,204,14,4,Who reminded the writer about the backpack?,Mom,Dad,Teacher,Friend,Mom,Detail,1,FALSE,0,2,Who reminded the writer about the backpack?
24,204,15,4,What did the writer almost forget?,backpack,shoes,homework,jacket,backpack,Detail,1,FALSE,0,2,What did the writer almost forget?
25,204,16,4,What is the author's main purpose in this passage?,To persuade readers to buy a product.,To entertain with a fantasy story.,To give step-by-step instructions for a craft.,To inform readers about a topic.,To inform readers about a topic.,Inference,1,FALSE,0,2,", 'What is the main idea of the passage about nan?"
26,205,17,5,Who is Mrs. Lee?,neighbor,teacher,friend,aunt,neighbor,Literal,2,FALSE,0,2,Who is Mrs. Lee?
27,205,18,5,Which statement best summarizes this passage?,"It lists random, unrelated facts.",It tells a fantasy story about dragons.,It argues that homework should be banned.,It explains mrs..,It explains mrs..,Literal,2,FALSE,0,2,", 'What is the main idea of the passage about nan?"
28,205,19,5,What does the writer do when Mrs. Lee is away?,waters plants,feeds cats,picks apples,cleans house,waters plants,Detail,2,FALSE,0,2,What does the writer do when Mrs. Lee is away?
29,205,20,5,How does Mrs. Lee feel about the writer?,happy,angry,sad,bored,happy,Inference,2,FALSE,0,2,How does Mrs. Lee feel about the writer?
30,206,21,6,Which statement best summarizes this passage?,"It lists random, unrelated facts.",It tells a fantasy story about dragons.,It argues that homework should be banned.,It explains there is a small library on our street..,It explains there is a small library on our street..,Literal,1,FALSE,0,2,", 'What is the main idea of the passage about nan?"
31,206,22,6,Which statement best summarizes this passage?,"It lists random, unrelated facts.",It tells a fantasy story about dragons.,It argues that homework should be banned.,It explains there is a small library on our street..,It explains there is a small library on our street..,Literal,1,FALSE,0,2,", 'What is the main idea of the passage about nan?"
32,206,23,6,Which statement best summarizes this passage?,"It lists random, unrelated facts.",It tells a fantasy story about dragons.,It argues that homework should be banned.,It explains there is a small library on our street..,It explains there is a small library on our street..,Literal,1,FALSE,0,2,", 'What is the main idea of the passage about nan?"
33,206,24,6,Which statement best summarizes this passage?,"It lists random, unrelated facts.",It tells a fantasy story about dragons.,It argues that homework should be banned.,It explains there is a small library on our street..,It explains there is a small library on our street..,Literal,1,FALSE,0,2,", 'What is the main idea of the passage about nan?"
34,207,25,7,Which statement best summarizes this passage?,It argues that homework should be banned.,"It explains our cat, ginger, was missing one night..","It lists random, unrelated facts.",It tells a fantasy story about dragons.,"It explains our cat, ginger, was missing one night..",Literal,1,FALSE,0,2,", 'What is the main idea of the passage about nan?"
35,207,26,7,Which statement best summarizes this passage?,It argues that homework should be banned.,"It explains our cat, ginger, was missing one night..","It lists random, unrelated facts.",It tells a fantasy story about dragons.,"It explains our cat, ginger, was missing one night..",Literal,1,FALSE,0,2,", 'What is the main idea of the passage about nan?"
36,207,27,7,Which statement best summarizes this passage?,It argues that homework should be banned.,"It explains our cat, ginger, was missing one night..","It lists random, unrelated facts.",It tells a fantasy story about dragons.,"It explains our cat, ginger, was missing one night..",Literal,1,FALSE,0,2,", 'What is the main idea of the passage about nan?"
37,207,28,7,Which statement best summarizes this passage?,It argues that homework should be banned.,"It explains our cat, ginger, was missing one night..","It lists random, unrelated facts.",It tells a fantasy story about dragons.,"It explains our cat, ginger, was missing one night..",Literal,1,FALSE,0,2,", 'What is the main idea of the passage about nan?"
38,208,29,8,Which statement best summarizes this passage?,It tells a fantasy story about dragons.,It argues that homework should be banned.,It explains our class planted seeds in the school garden..,"It lists random, unrelated facts.",It explains our class planted seeds in the school garden..,Literal,1,FALSE,0,2,", 'What is the main idea of the passage about nan?"
39,208,30,8,Which statement best summarizes this passage?,It tells a fantasy story about dragons.,It argues that homework should be banned.,It explains our class planted seeds in the school garden..,"It lists random, unrelated facts.",It explains our class planted seeds in the school garden..,Literal,1,FALSE,0,2,", 'What is the main idea of the passage about nan?"
40,208,31,8,Which statement best summarizes this passage?,It tells a fantasy story about dragons.,It argues that homework should be banned.,It explains our class planted seeds in the school garden..,"It lists random, unrelated facts.",It explains our class planted seeds in the school garden..,Literal,1,FALSE,0,2,", 'What is the main idea of the passage about nan?"
41,208,32,8,Which statement best summarizes this passage?,It tells a fantasy story about dragons.,It argues that homework should be banned.,It explains our class planted seeds in the school garden..,"It lists random, unrelated facts.",It explains our class planted seeds in the school garden..,Literal,1,FALSE,0,2,", 'What is the main idea of the passage about nan?"
42,209,33,9,Which statement best summarizes this passage?,"It explains it rained all day, but i still wanted to go.","It lists random, unrelated facts.",It tells a fantasy story about dragons.,It argues that homework should be banned.,"It explains it rained all day, but i still wanted to go.",Literal,1,FALSE,0,2,", 'What is the main idea of the passage about nan?"
43,209,34,9,Which statement best summarizes this passage?,"It explains it rained all day, but i still wanted to go.","It lists random, unrelated facts.",It tells a fantasy story about dragons.,It argues that homework should be banned.,"It explains it rained all day, but i still wanted to go.",Literal,1,FALSE,0,2,", 'What is the main idea of the passage about nan?"
44,209,35,9,Which statement best summarizes this passage?,"It explains it rained all day, but i still wanted to go.","It lists random, unrelated facts.",It tells a fantasy story about dragons.,It argues that homework should be banned.,"It explains it rained all day, but i still wanted to go.",Literal,1,FALSE,0,2,", 'What is the main idea of the passage about nan?"
45,209,36,9,Which statement best summarizes this passage?,"It explains it rained all day, but i still wanted to go.","It lists random, unrelated facts.",It tells a fantasy story about dragons.,It argues that homework should be banned.,"It explains it rained all day, but i still wanted to go.",Literal,1,FALSE,0,2,", 'What is the main idea of the passage about nan?"
46,210,37,10,Which statement best summarizes this passage?,It explains i found a small box near the playground..,"It lists random, unrelated facts.",It tells a fantasy story about dragons.,It argues that homework should be banned.,It explains i found a small box near the playground..,Literal,1,FALSE,0,2,", 'What is the main idea of the passage about nan?"
47,210,38,10,Which statement best summarizes this passage?,It explains i found a small box near the playground..,"It lists random, unrelated facts.",It tells a fantasy story about dragons.,It argues that homework should be banned.,It explains i found a small box near the playground..,Literal,1,FALSE,0,2,", 'What is the main idea of the passage about nan?"
48,210,39,10,Which statement best summarizes this passage?,It explains i found a small box near the playground..,"It lists random, unrelated facts.",It tells a fantasy story about dragons.,It argues that homework should be banned.,It explains i found a small box near the playground..,Literal,1,FALSE,0,2,", 'What is the main idea of the passage about nan?"
49,210,40,10,Which statement best summarizes this passage?,It explains i found a small box near the playground..,"It lists random, unrelated facts.",It tells a fantasy story about dragons.,It argues that homework should be banned.,It explains i found a small box near the playground..,Literal,1,FALSE,0,2,", 'What is the main idea of the passage about nan?"
50,211,41,11,Which statement best summarizes this passage?,"It explains every sunday, i visit grandma..","It lists random, unrelated facts.",It tells a fantasy story about dragons.,It argues that homework should be banned.,"It explains every sunday, i visit grandma..",Literal,1,FALSE,0,2,", 'What is the main idea of the passage about nan?"
51,211,42,11,Which statement best summarizes this passage?,"It explains every sunday, i visit grandma..","It lists random, unrelated facts.",It tells a fantasy story about dragons.,It argues that homework should be banned.,"It explains every sunday, i visit grandma..",Literal,1,FALSE,0,2,", 'What is the main idea of the passage about nan?"
52,211,43,11,Which statement best summarizes this passage?,"It explains every sunday, i visit grandma..","It lists random, unrelated facts.",It tells a fantasy story about dragons.,It argues that homework should be banned.,"It explains every sunday, i visit grandma..",Literal,1,FALSE,0,2,", 'What is the main idea of the passage about nan?"
53,211,44,11,Which statement best summarizes this passage?,"It explains every sunday, i visit grandma..","It lists random, unrelated facts.",It tells a fantasy story about dragons.,It argues that homework should be banned.,"It explains every sunday, i visit grandma..",Literal,1,FALSE,0,2,", 'What is the main idea of the passage about nan?"
54,212,45,12,Which statement best summarizes this passage?,It argues that homework should be banned.,"It explains one night, i heard a sound outside my window..","It lists random, unrelated facts.",It tells a fantasy story about dragons.,"It explains one night, i heard a sound outside my window..",Literal,1,FALSE,0,2,", 'What is the main idea of the passage about nan?"
55,212,46,12,Which statement best summarizes this passage?,It argues that homework should be banned.,"It explains one night, i heard a sound outside my window..","It lists random, unrelated facts.",It tells a fantasy story about dragons.,"It explains one night, i heard a sound outside my window..",Literal,1,FALSE,0,2,", 'What is the main idea of the passage about nan?"
56,212,47,12,Which statement best summarizes this passage?,It argues that homework should be banned.,"It explains one night, i heard a sound outside my window..","It lists random, unrelated facts.",It tells a fantasy story about dragons.,"It explains one night, i heard a sound outside my window..",Literal,1,FALSE,0,2,", 'What is the main idea of the passage about nan?"
57,212,48,12,Which statement best summarizes this passage?,It argues that homework should be banned.,"It explains one night, i heard a sound outside my window..","It lists random, unrelated facts.",It tells a fantasy story about dragons.,"It explains one night, i heard a sound outside my window..",Literal,1,FALSE,0,2,", 'What is the main idea of the passage about nan?"
58,213,49,13,Which statement best summarizes this passage?,It argues that homework should be banned.,It explains how our class ran a recycling project.,"It lists random, unrelated facts.",It tells a fantasy story about dragons.,It explains how our class ran a recycling project.,Literal,1,FALSE,0,2,", 'What is the main idea of the passage about nan?"
59,213,50,13,Which statement best summarizes this passage?,It argues that homework should be banned.,It explains how our class ran a recycling project.,"It lists random, unrelated facts.",It tells a fantasy story about dragons.,It explains how our class ran a recycling project.,Literal,1,FALSE,0,2,", 'What is the main idea of the passage about nan?"
60,301,1,1,What is the best title for this passage?,How to Build a Robot,Why Rules Matter,Mina And Alex worked hard on,A Day at the Beach,Mina And Alex worked hard on,Literal,1,FALSE,0,3,What is the best title for this passage?
61,301,2,1,Which statement best summarizes this passage?,It tells a fantasy story about dragons.,It argues that homework should be banned.,It explains mina and alex worked hard on their science project..,"It lists random, unrelated facts.",It explains mina and alex worked hard on their science project..,Literal,1,FALSE,0,3,", 'What is the main idea of the passage about nan?"
62,301,3,1,What is the best title for this passage?,How to Build a Robot,Why Rules Matter,Mina And Alex worked hard on,A Day at the Beach,Mina And Alex worked hard on,Literal,1,FALSE,0,3,What is the best title for this passage?
63,301,4,1,What is the best title for this passage?,How to Build a Robot,Why Rules Matter,Mina And Alex worked hard on,A Day at the Beach,Mina And Alex worked hard on,Vocabulary,1,FALSE,0,3,What is the best title for this passage?
64,301,5,1,What is the author's main purpose in this passage?,To entertain with a fantasy story.,To give step-by-step instructions for a craft.,To inform readers about a topic.,To persuade readers to buy a product.,To inform readers about a topic.,Inference,1,FALSE,0,3,", 'What is the main idea of the passage about nan?"
65,401,1,1,Which statement best summarizes this passage?,It tells a fantasy story about dragons.,It argues that homework should be banned.,"It explains ben sat at the lunch table, staring at the yellow.","It lists random, unrelated facts.","It explains ben sat at the lunch table, staring at the yellow.",Literal,1,FALSE,0,4,", 'What is the main idea of the passage about nan?"
66,401,2,1,What important decision does the main character make?,to help someone,to hide the truth,to skip homework,to travel,to help someone,Detail,1,FALSE,0,4,What important decision does the main character make?
67,401,3,1,What does the word 'bright' most likely mean in this story?,full of light,angry,quiet,fast,full of light,Vocabulary,1,FALSE,0,4,"Replace 'bright' with a word that appears in the passage, or rewrite the question to use passage vocabulary."
68,401,4,1,What is the author's main purpose in this passage?,To give step-by-step instructions for a craft.,To inform readers about a topic.,To persuade readers to buy a product.,To entertain with a fantasy story.,To inform readers about a topic.,Inference,1,FALSE,0,4,", 'What is the main idea of the passage about nan?"
69,401,5,1,What is the main lesson or theme of the story?,honesty,teamwork,kindness,bravery,kindness,Theme,1,FALSE,0,4,What is the main lesson or theme of the story?
70,501,1,1,Where does most of the story 'The Promise at the River' take place?,at school,by the river,inside a house,in a city square,by the river,Literal,1,FALSE,0,5,Where does most of the story 'The Promise at the River' take place?
71,501,2,1,What decision changes the main character‚Äôs path in 'The Promise at the River'?,to help another person,to run away,to hide the truth,to give up,to help another person,Detail,1,FALSE,0,5,What decision changes the main character‚Äôs path in 'The Promise at the River'?
72,501,3,1,"In 'The Promise at the River', what does a repeated image or object (such as 'light', 'river', or 'bridge') symbolize?",hope and renewal,anger and fear,sadness and regret,wealth and power,hope and renewal,Vocabulary,1,FALSE,0,5,"In 'The Promise at the River', what does a repeated image or object (such as 'light', 'river', or 'bridge') symbolize?"
73,501,4,1,Why does the main character act differently near the end of 'The Promise at the River'?,they understand a deeper truth,they are punished,they are afraid,they forget their goal,they understand a deeper truth,Inference,1,FALSE,0,5,Why does the main character act differently near the end of 'The Promise at the River'?
74,501,5,1,What is the central theme of 'The Promise at the River'?,courage and empathy,luck and chance,competition and victory,mystery and fear,courage and empathy,Theme,1,FALSE,0,5,What is the central theme of 'The Promise at the River'?
75,501,6,1,How does the author make the ending of 'The Promise at the River' powerful?,by using vivid imagery and reflection,by adding a surprise villain,by changing the narrator,by ending in a joke,by using vivid imagery and reflection,Evaluation,1,FALSE,0,5,How does the author make the ending of 'The Promise at the River' powerful?
76,502,7,2,Where does most of the story 'The Secret Notebook' take place?,at school,by the river,inside a house,in a city square,by the river,Literal,1,FALSE,0,5,Where does most of the story 'The Secret Notebook' take place?
77,502,8,2,Which statement best summarizes this passage?,"It lists random, unrelated facts.",It tells a fantasy story about dragons.,It argues that homework should be banned.,"It explains when leena√µs grandfather passed away, the house felt full of.","It explains when leena√µs grandfather passed away, the house felt full of.",Literal,1,FALSE,0,5,", 'What is the main idea of the passage about nan?"
78,502,9,2,What is the best title for this passage?,Why Rules Matter,"When Leena√ïs Grandfather passed away, the",A Day at the Beach,How to Build a Robot,"When Leena√ïs Grandfather passed away, the",Vocabulary,1,FALSE,0,5,What is the best title for this passage?
79,502,10,2,What is the author's main purpose in this passage?,To give step-by-step instructions for a craft.,To inform readers about a topic.,To persuade readers to buy a product.,To entertain with a fantasy story.,To inform readers about a topic.,Inference,1,FALSE,0,5,", 'What is the main idea of the passage about nan?"
80,502,11,2,What is the best title for this passage?,Why Rules Matter,"When Leena√ïs Grandfather passed away, the",A Day at the Beach,How to Build a Robot,"When Leena√ïs Grandfather passed away, the",Literal,1,FALSE,0,5,What is the best title for this passage?
81,502,12,2,What is the best title for this passage?,Why Rules Matter,"When Leena√ïs Grandfather passed away, the",A Day at the Beach,How to Build a Robot,"When Leena√ïs Grandfather passed away, the",Literal,1,FALSE,0,5,What is the best title for this passage?
82,503,13,3,Where does most of the story 'The Music Box' take place?,at school,by the river,inside a house,in a city square,by the river,Literal,1,FALSE,0,5,Where does most of the story 'The Music Box' take place?
83,503,14,3,What decision changes the main character‚Äôs path in 'The Music Box'?,to help another person,to run away,to hide the truth,to give up,to help another person,Detail,1,FALSE,0,5,What decision changes the main character‚Äôs path in 'The Music Box'?
84,503,15,3,"In 'The Music Box', what does a repeated image or object (such as 'light', 'river', or 'bridge') symbolize?",hope and renewal,anger and fear,sadness and regret,wealth and power,hope and renewal,Vocabulary,1,FALSE,0,5,"In 'The Music Box', what does a repeated image or object (such as 'light', 'river', or 'bridge') symbolize?"
85,503,16,3,Why does the main character act differently near the end of 'The Music Box'?,they understand a deeper truth,they are punished,they are afraid,they forget their goal,they understand a deeper truth,Inference,1,FALSE,0,5,Why does the main character act differently near the end of 'The Music Box'?
86,503,17,3,What is the central theme of 'The Music Box'?,courage and empathy,luck and chance,competition and victory,mystery and fear,courage and empathy,Theme,1,FALSE,0,5,What is the central theme of 'The Music Box'?
87,503,18,3,How does the author make the ending of 'The Music Box' powerful?,by using vivid imagery and reflection,by adding a surprise villain,by changing the narrator,by ending in a joke,by using vivid imagery and reflection,Evaluation,1,FALSE,0,5,How does the author make the ending of 'The Music Box' powerful?
88,504,19,4,Where does most of the story 'The Bridge at East Gate' take place?,at school,by the river,inside a house,in a city square,by the river,Literal,2,FALSE,0,5,Where does most of the story 'The Bridge at East Gate' take place?
89,504,20,4,What decision changes the main character‚Äôs path in 'The Bridge at East Gate'?,to help another person,to run away,to hide the truth,to give up,to help another person,Detail,2,FALSE,0,5,What decision changes the main character‚Äôs path in 'The Bridge at East Gate'?
90,504,21,4,"In 'The Bridge at East Gate', what does a repeated image or object (such as 'light', 'river', or 'bridge') symbolize?",hope and renewal,anger and fear,sadness and regret,wealth and power,hope and renewal,Vocabulary,2,FALSE,0,5,"In 'The Bridge at East Gate', what does a repeated image or object (such as 'light', 'river', or 'bridge') symbolize?"
91,504,22,4,Why does the main character act differently near the end of 'The Bridge at East Gate'?,they understand a deeper truth,they are punished,they are afraid,they forget their goal,they understand a deeper truth,Inference,2,FALSE,0,5,Why does the main character act differently near the end of 'The Bridge at East Gate'?
92,504,23,4,What is the central theme of 'The Bridge at East Gate'?,courage and empathy,luck and chance,competition and victory,mystery and fear,courage and empathy,Theme,2,FALSE,0,5,What is the central theme of 'The Bridge at East Gate'?
93,504,24,4,How does the author make the ending of 'The Bridge at East Gate' powerful?,by using vivid imagery and reflection,by adding a surprise villain,by changing the narrator,by ending in a joke,by using vivid imagery and reflection,Evaluation,2,FALSE,0,5,How does the author make the ending of 'The Bridge at East Gate' powerful?
94,505,25,5,Where does most of the story 'The Protest Tree' take place?,at school,by the river,inside a house,in a city square,by the river,Literal,2,FALSE,0,5,Where does most of the story 'The Protest Tree' take place?
95,505,26,5,What decision changes the main character‚Äôs path in 'The Protest Tree'?,to help another person,to run away,to hide the truth,to give up,to help another person,Detail,2,FALSE,0,5,What decision changes the main character‚Äôs path in 'The Protest Tree'?
96,505,27,5,"In 'The Protest Tree', what does a repeated image or object (such as 'light', 'river', or 'bridge') symbolize?",hope and renewal,anger and fear,sadness and regret,wealth and power,hope and renewal,Vocabulary,2,FALSE,0,5,"In 'The Protest Tree', what does a repeated image or object (such as 'light', 'river', or 'bridge') symbolize?"
97,505,28,5,Why does the main character act differently near the end of 'The Protest Tree'?,they understand a deeper truth,they are punished,they are afraid,they forget their goal,they understand a deeper truth,Inference,2,FALSE,0,5,Why does the main character act differently near the end of 'The Protest Tree'?
98,505,29,5,What is the central theme of 'The Protest Tree'?,courage and empathy,luck and chance,competition and victory,mystery and fear,courage and empathy,Theme,2,FALSE,0,5,What is the central theme of 'The Protest Tree'?
99,505,30,5,What is the best title for this passage?,How to Build a Robot,Why Rules Matter,"In The summer of 1963, the",A Day at the Beach,"In The summer of 1963, the",Literal,2,FALSE,0,5,What is the best title for this passage?
100,506,31,6,Where does most of the story 'The Tunnel Light' take place?,at school,by the river,inside a house,in a city square,by the river,Literal,3,FALSE,0,5,Where does most of the story 'The Tunnel Light' take place?
101,506,32,6,What decision changes the main character‚Äôs path in 'The Tunnel Light'?,to help another person,to run away,to hide the truth,to give up,to help another person,Detail,3,FALSE,0,5,What decision changes the main character‚Äôs path in 'The Tunnel Light'?
102,506,33,6,"In 'The Tunnel Light', what does a repeated image or object (such as 'light', 'river', or 'bridge') symbolize?",hope and renewal,anger and fear,sadness and regret,wealth and power,hope and renewal,Vocabulary,3,FALSE,0,5,"In 'The Tunnel Light', what does a repeated image or object (such as 'light', 'river', or 'bridge') symbolize?"
103,506,34,6,What is the author's main purpose in this passage?,To persuade readers to buy a product.,To entertain with a fantasy story.,To give step-by-step instructions for a craft.,To inform readers about a topic.,To inform readers about a topic.,Inference,3,FALSE,0,5,", 'What is the main idea of the passage about nan?"
104,506,35,6,What is the central theme of 'The Tunnel Light'?,courage and empathy,luck and chance,competition and victory,mystery and fear,courage and empathy,Theme,3,FALSE,0,5,What is the central theme of 'The Tunnel Light'?
105,506,36,6,What is the best title for this passage?,Why Rules Matter,The Engineers said the city still,A Day at the Beach,How to Build a Robot,The Engineers said the city still,Literal,3,FALSE,0,5,What is the best title for this passage?
106,507,37,7,Where does most of the story 'The Letter from Winter Hill' take place?,at school,by the river,inside a house,in a city square,by the river,Literal,3,FALSE,0,5,Where does most of the story 'The Letter from Winter Hill' take place?
107,507,38,7,What decision changes the main character‚Äôs path in 'The Letter from Winter Hill'?,to help another person,to run away,to hide the truth,to give up,to help another person,Detail,3,FALSE,0,5,What decision changes the main character‚Äôs path in 'The Letter from Winter Hill'?
108,507,39,7,"In 'The Letter from Winter Hill', what does a repeated image or object (such as 'light', 'river', or 'bridge') symbolize?",hope and renewal,anger and fear,sadness and regret,wealth and power,hope and renewal,Vocabulary,3,FALSE,0,5,"In 'The Letter from Winter Hill', what does a repeated image or object (such as 'light', 'river', or 'bridge') symbolize?"
109,507,40,7,Why does the main character act differently near the end of 'The Letter from Winter Hill'?,they understand a deeper truth,they are punished,they are afraid,they forget their goal,they understand a deeper truth,Inference,3,FALSE,0,5,Why does the main character act differently near the end of 'The Letter from Winter Hill'?
110,507,41,7,What is the central theme of 'The Letter from Winter Hill'?,courage and empathy,luck and chance,competition and victory,mystery and fear,courage and empathy,Theme,3,FALSE,0,5,What is the central theme of 'The Letter from Winter Hill'?
111,507,42,7,How does the author make the ending of 'The Letter from Winter Hill' powerful?,by using vivid imagery and reflection,by adding a surprise villain,by changing the narrator,by ending in a joke,by using vivid imagery and reflection,Evaluation,3,FALSE,0,5,How does the author make the ending of 'The Letter from Winter Hill' powerful?
112,508,43,8,Where does most of the story 'The Stone Lantern' take place?,at school,by the river,inside a house,in a city square,by the river,Literal,3,FALSE,0,5,Where does most of the story 'The Stone Lantern' take place?
113,508,44,8,What decision changes the main character‚Äôs path in 'The Stone Lantern'?,to help another person,to run away,to hide the truth,to give up,to help another person,Detail,3,FALSE,0,5,What decision changes the main character‚Äôs path in 'The Stone Lantern'?
114,508,45,8,"In 'The Stone Lantern', what does a repeated image or object (such as 'light', 'river', or 'bridge') symbolize?",hope and renewal,anger and fear,sadness and regret,wealth and power,hope and renewal,Vocabulary,3,FALSE,0,5,"In 'The Stone Lantern', what does a repeated image or object (such as 'light', 'river', or 'bridge') symbolize?"
115,508,46,8,Why does the main character act differently near the end of 'The Stone Lantern'?,they understand a deeper truth,they are punished,they are afraid,they forget their goal,they understand a deeper truth,Inference,3,FALSE,0,5,Why does the main character act differently near the end of 'The Stone Lantern'?
116,508,47,8,What is the central theme of 'The Stone Lantern'?,courage and empathy,luck and chance,competition and victory,mystery and fear,courage and empathy,Theme,3,FALSE,0,5,What is the central theme of 'The Stone Lantern'?
117,508,48,8,How does the author make the ending of 'The Stone Lantern' powerful?,by using vivid imagery and reflection,by adding a surprise villain,by changing the narrator,by ending in a joke,by using vivid imagery and reflection,Evaluation,3,FALSE,0,5,How does the author make the ending of 'The Stone Lantern' powerful?
118,509,49,9,Where does most of the story 'The Signal Tower' take place?,at school,by the river,inside a house,in a city square,by the river,Literal,3,FALSE,0,5,Where does most of the story 'The Signal Tower' take place?
119,509,50,9,What decision changes the main character‚Äôs path in 'The Signal Tower'?,to help another person,to run away,to hide the truth,to give up,to help another person,Detail,3,FALSE,0,5,What decision changes the main character‚Äôs path in 'The Signal Tower'?
120,509,51,9,"In 'The Signal Tower', what does a repeated image or object (such as 'light', 'river', or 'bridge') symbolize?",hope and renewal,anger and fear,sadness and regret,wealth and power,hope and renewal,Vocabulary,3,FALSE,0,5,"In 'The Signal Tower', what does a repeated image or object (such as 'light', 'river', or 'bridge') symbolize?"
121,509,52,9,Why does the main character act differently near the end of 'The Signal Tower'?,they understand a deeper truth,they are punished,they are afraid,they forget their goal,they understand a deeper truth,Inference,3,FALSE,0,5,Why does the main character act differently near the end of 'The Signal Tower'?
122,509,53,9,What is the central theme of 'The Signal Tower'?,courage and empathy,luck and chance,competition and victory,mystery and fear,courage and empathy,Theme,3,FALSE,0,5,What is the central theme of 'The Signal Tower'?
123,509,54,9,How does the author make the ending of 'The Signal Tower' powerful?,by using vivid imagery and reflection,by adding a surprise villain,by changing the narrator,by ending in a joke,by using vivid imagery and reflection,Evaluation,3,FALSE,0,5,How does the author make the ending of 'The Signal Tower' powerful?
124,510,55,10,Where does most of the story 'The Invisible Line' take place?,at school,by the river,inside a house,in a city square,by the river,Literal,2,FALSE,0,5,Where does most of the story 'The Invisible Line' take place?
125,510,56,10,What decision changes the main character‚Äôs path in 'The Invisible Line'?,to help another person,to run away,to hide the truth,to give up,to help another person,Detail,2,FALSE,0,5,What decision changes the main character‚Äôs path in 'The Invisible Line'?
126,510,57,10,"In 'The Invisible Line', what does a repeated image or object (such as 'light', 'river', or 'bridge') symbolize?",hope and renewal,anger and fear,sadness and regret,wealth and power,hope and renewal,Vocabulary,2,FALSE,0,5,"In 'The Invisible Line', what does a repeated image or object (such as 'light', 'river', or 'bridge') symbolize?"
127,510,58,10,Why does the main character act differently near the end of 'The Invisible Line'?,they understand a deeper truth,they are punished,they are afraid,they forget their goal,they understand a deeper truth,Inference,2,FALSE,0,5,Why does the main character act differently near the end of 'The Invisible Line'?
128,510,59,10,What is the central theme of 'The Invisible Line'?,courage and empathy,luck and chance,competition and victory,mystery and fear,courage and empathy,Theme,2,FALSE,0,5,What is the central theme of 'The Invisible Line'?
129,510,60,10,How does the author make the ending of 'The Invisible Line' powerful?,by using vivid imagery and reflection,by adding a surprise villain,by changing the narrator,by ending in a joke,by using vivid imagery and reflection,Evaluation,2,FALSE,0,5,How does the author make the ending of 'The Invisible Line' powerful?
130,511,61,11,Where does most of the story 'The Debate Club' take place?,at school,by the river,inside a house,in a city square,by the river,Literal,2,FALSE,0,5,Where does most of the story 'The Debate Club' take place?
131,511,62,11,What decision changes the main character‚Äôs path in 'The Debate Club'?,to help another person,to run away,to hide the truth,to give up,to help another person,Detail,2,FALSE,0,5,What decision changes the main character‚Äôs path in 'The Debate Club'?
132,511,63,11,"In 'The Debate Club', what does a repeated image or object (such as 'light', 'river', or 'bridge') symbolize?",hope and renewal,anger and fear,sadness and regret,wealth and power,hope and renewal,Vocabulary,2,FALSE,0,5,"In 'The Debate Club', what does a repeated image or object (such as 'light', 'river', or 'bridge') symbolize?"
133,511,64,11,Why does the main character act differently near the end of 'The Debate Club'?,they understand a deeper truth,they are punished,they are afraid,they forget their goal,they understand a deeper truth,Inference,2,FALSE,0,5,Why does the main character act differently near the end of 'The Debate Club'?
134,511,65,11,What is the central theme of 'The Debate Club'?,courage and empathy,luck and chance,competition and victory,mystery and fear,courage and empathy,Theme,2,FALSE,0,5,What is the central theme of 'The Debate Club'?
135,511,66,11,How does the author make the ending of 'The Debate Club' powerful?,by using vivid imagery and reflection,by adding a surprise villain,by changing the narrator,by ending in a joke,by using vivid imagery and reflection,Evaluation,2,FALSE,0,5,How does the author make the ending of 'The Debate Club' powerful?
136,512,67,12,Where does most of the story 'The Late Swimmer' take place?,at school,by the river,inside a house,in a city square,by the river,Literal,1,FALSE,0,5,Where does most of the story 'The Late Swimmer' take place?
137,512,68,12,What decision changes the main character‚Äôs path in 'The Late Swimmer'?,to help another person,to run away,to hide the truth,to give up,to help another person,Detail,1,FALSE,0,5,What decision changes the main character‚Äôs path in 'The Late Swimmer'?
138,512,69,12,"In 'The Late Swimmer', what does a repeated image or object (such as 'light', 'river', or 'bridge') symbolize?",hope and renewal,anger and fear,sadness and regret,wealth and power,hope and renewal,Vocabulary,1,FALSE,0,5,"In 'The Late Swimmer', what does a repeated image or object (such as 'light', 'river', or 'bridge') symbolize?"
139,512,70,12,Why does the main character act differently near the end of 'The Late Swimmer'?,they understand a deeper truth,they are punished,they are afraid,they forget their goal,they understand a deeper truth,Inference,1,FALSE,0,5,Why does the main character act differently near the end of 'The Late Swimmer'?
140,512,71,12,What is the central theme of 'The Late Swimmer'?,courage and empathy,luck and chance,competition and victory,mystery and fear,courage and empathy,Theme,1,FALSE,0,5,What is the central theme of 'The Late Swimmer'?
141,512,72,12,How does the author make the ending of 'The Late Swimmer' powerful?,by using vivid imagery and reflection,by adding a surprise villain,by changing the narrator,by ending in a joke,by using vivid imagery and reflection,Evaluation,1,FALSE,0,5,How does the author make the ending of 'The Late Swimmer' powerful?
142,601,1,1,Which statement best summarizes this passage?,"It explains the dust fields stretched to the horizon, brown waves under.","It lists random, unrelated facts.",It tells a fantasy story about dragons.,It argues that homework should be banned.,"It explains the dust fields stretched to the horizon, brown waves under.",Literal,1,FALSE,0,6,", 'What is the main idea of the passage about nan?"
143,601,2,1,Which statement best summarizes this passage?,"It explains the dust fields stretched to the horizon, brown waves under.","It lists random, unrelated facts.",It tells a fantasy story about dragons.,It argues that homework should be banned.,"It explains the dust fields stretched to the horizon, brown waves under.",Literal,1,FALSE,0,6,", 'What is the main idea of the passage about nan?"
144,601,3,1,"In 'The Harvest Debt', what does a repeated image or object symbolize?",hope,fear,confusion,wealth,hope,Vocabulary,1,FALSE,0,6,"In 'The Harvest Debt', what does a repeated image or object symbolize?"
145,601,4,1,Why does the main character act differently near the end of 'The Harvest Debt'?,they realize a truth,they are forced,they win a prize,they run away,they realize a truth,Inference,1,FALSE,0,6,Why does the main character act differently near the end of 'The Harvest Debt'?
146,601,5,1,What is the best title for this passage?,A Day at the Beach,How to Build a Robot,Why Rules Matter,The Dust fields stretched to the,The Dust fields stretched to the,Literal,1,FALSE,0,6,What is the best title for this passage?
147,601,6,1,How does the author make the ending of 'The Harvest Debt' powerful?,by using imagery and reflection,by adding a twist,by introducing a new character,by ending in a question,by using imagery and reflection,Evaluation,1,FALSE,0,6,How does the author make the ending of 'The Harvest Debt' powerful?
148,602,7,2,What is the main setting of 'The Bridge Shift'?,a river valley,a city,a house,a tower,a city,Literal,1,FALSE,0,6,What is the main setting of 'The Bridge Shift'?
149,602,8,2,What action changes the direction of events in 'The Bridge Shift'?,a brave decision,an accident,a lie told by a friend,a letter found,a brave decision,Detail,1,FALSE,0,6,What action changes the direction of events in 'The Bridge Shift'?
150,602,9,2,"In 'The Bridge Shift', what does a repeated image or object symbolize?",hope,fear,confusion,wealth,hope,Vocabulary,1,FALSE,0,6,"In 'The Bridge Shift', what does a repeated image or object symbolize?"
151,602,10,2,Why does the main character act differently near the end of 'The Bridge Shift'?,they realize a truth,they are forced,they win a prize,they run away,they realize a truth,Inference,1,FALSE,0,6,Why does the main character act differently near the end of 'The Bridge Shift'?
152,602,11,2,What is the central theme of 'The Bridge Shift'?,freedom and responsibility,luck and chance,technology and control,friendship and humor,freedom and responsibility,Theme,1,FALSE,0,6,What is the central theme of 'The Bridge Shift'?
153,602,12,2,How does the author make the ending of 'The Bridge Shift' powerful?,by using imagery and reflection,by adding a twist,by introducing a new character,by ending in a question,by using imagery and reflection,Evaluation,1,FALSE,0,6,How does the author make the ending of 'The Bridge Shift' powerful?
154,603,13,3,What is the main setting of 'The Last Contract'?,a river valley,a city,a house,a tower,a city,Literal,1,FALSE,0,6,What is the main setting of 'The Last Contract'?
155,603,14,3,What action changes the direction of events in 'The Last Contract'?,a brave decision,an accident,a lie told by a friend,a letter found,a brave decision,Detail,1,FALSE,0,6,What action changes the direction of events in 'The Last Contract'?
156,603,15,3,"In 'The Last Contract', what does a repeated image or object symbolize?",hope,fear,confusion,wealth,hope,Vocabulary,1,FALSE,0,6,"In 'The Last Contract', what does a repeated image or object symbolize?"
157,603,16,3,Why does the main character act differently near the end of 'The Last Contract'?,they realize a truth,they are forced,they win a prize,they run away,they realize a truth,Inference,1,FALSE,0,6,Why does the main character act differently near the end of 'The Last Contract'?
158,603,17,3,What is the central theme of 'The Last Contract'?,freedom and responsibility,luck and chance,technology and control,friendship and humor,freedom and responsibility,Theme,1,FALSE,0,6,What is the central theme of 'The Last Contract'?
159,603,18,3,How does the author make the ending of 'The Last Contract' powerful?,by using imagery and reflection,by adding a twist,by introducing a new character,by ending in a question,by using imagery and reflection,Evaluation,1,FALSE,0,6,How does the author make the ending of 'The Last Contract' powerful?
160,604,19,4,What is the main setting of 'The Cage Keeper'?,a river valley,a city,a house,a tower,a city,Literal,1,FALSE,0,6,What is the main setting of 'The Cage Keeper'?
161,604,20,4,What action changes the direction of events in 'The Cage Keeper'?,a brave decision,an accident,a lie told by a friend,a letter found,a brave decision,Detail,1,FALSE,0,6,What action changes the direction of events in 'The Cage Keeper'?
162,604,21,4,"In 'The Cage Keeper', what does a repeated image or object symbolize?",hope,fear,confusion,wealth,hope,Vocabulary,1,FALSE,0,6,"In 'The Cage Keeper', what does a repeated image or object symbolize?"
163,604,22,4,Why does the main character act differently near the end of 'The Cage Keeper'?,they realize a truth,they are forced,they win a prize,they run away,they realize a truth,Inference,1,FALSE,0,6,Why does the main character act differently near the end of 'The Cage Keeper'?
164,604,23,4,What is the central theme of 'The Cage Keeper'?,freedom and responsibility,luck and chance,technology and control,friendship and humor,freedom and responsibility,Theme,1,FALSE,0,6,What is the central theme of 'The Cage Keeper'?
165,604,24,4,How does the author make the ending of 'The Cage Keeper' powerful?,by using imagery and reflection,by adding a twist,by introducing a new character,by ending in a question,by using imagery and reflection,Evaluation,1,FALSE,0,6,How does the author make the ending of 'The Cage Keeper' powerful?
166,605,25,5,What is the main setting of 'The Night Market of Hours'?,a river valley,a city,a house,a tower,a city,Literal,2,FALSE,0,6,What is the main setting of 'The Night Market of Hours'?
167,605,26,5,What action changes the direction of events in 'The Night Market of Hours'?,a brave decision,an accident,a lie told by a friend,a letter found,a brave decision,Detail,2,FALSE,0,6,What action changes the direction of events in 'The Night Market of Hours'?
168,605,27,5,"In 'The Night Market of Hours', what does a repeated image or object symbolize?",hope,fear,confusion,wealth,hope,Vocabulary,2,FALSE,0,6,"In 'The Night Market of Hours', what does a repeated image or object symbolize?"
169,605,28,5,Why does the main character act differently near the end of 'The Night Market of Hours'?,they realize a truth,they are forced,they win a prize,they run away,they realize a truth,Inference,2,FALSE,0,6,Why does the main character act differently near the end of 'The Night Market of Hours'?
170,605,29,5,What is the central theme of 'The Night Market of Hours'?,freedom and responsibility,luck and chance,technology and control,friendship and humor,freedom and responsibility,Theme,2,FALSE,0,6,What is the central theme of 'The Night Market of Hours'?
171,605,30,5,How does the author make the ending of 'The Night Market of Hours' powerful?,by using imagery and reflection,by adding a twist,by introducing a new character,by ending in a question,by using imagery and reflection,Evaluation,2,FALSE,0,6,How does the author make the ending of 'The Night Market of Hours' powerful?
172,606,31,6,What is the main setting of 'The Archivist of Endings'?,a river valley,a city,a house,a tower,a city,Literal,2,FALSE,0,6,What is the main setting of 'The Archivist of Endings'?
173,606,32,6,What action changes the direction of events in 'The Archivist of Endings'?,a brave decision,an accident,a lie told by a friend,a letter found,a brave decision,Detail,2,FALSE,0,6,What action changes the direction of events in 'The Archivist of Endings'?
174,606,33,6,"In 'The Archivist of Endings', what does a repeated image or object symbolize?",hope,fear,confusion,wealth,hope,Vocabulary,2,FALSE,0,6,"In 'The Archivist of Endings', what does a repeated image or object symbolize?"
175,606,34,6,Why does the main character act differently near the end of 'The Archivist of Endings'?,they realize a truth,they are forced,they win a prize,they run away,they realize a truth,Inference,2,FALSE,0,6,Why does the main character act differently near the end of 'The Archivist of Endings'?
176,606,35,6,What is the central theme of 'The Archivist of Endings'?,freedom and responsibility,luck and chance,technology and control,friendship and humor,freedom and responsibility,Theme,2,FALSE,0,6,What is the central theme of 'The Archivist of Endings'?
177,606,36,6,How does the author make the ending of 'The Archivist of Endings' powerful?,by using imagery and reflection,by adding a twist,by introducing a new character,by ending in a question,by using imagery and reflection,Evaluation,2,FALSE,0,6,How does the author make the ending of 'The Archivist of Endings' powerful?
178,607,37,7,What is the main setting of 'The Immortal on the Bench'?,a river valley,a city,a house,a tower,a city,Literal,2,FALSE,0,6,What is the main setting of 'The Immortal on the Bench'?
179,607,38,7,What action changes the direction of events in 'The Immortal on the Bench'?,a brave decision,an accident,a lie told by a friend,a letter found,a brave decision,Detail,2,FALSE,0,6,What action changes the direction of events in 'The Immortal on the Bench'?
180,607,39,7,"In 'The Immortal on the Bench', what does a repeated image or object symbolize?",hope,fear,confusion,wealth,hope,Vocabulary,2,FALSE,0,6,"In 'The Immortal on the Bench', what does a repeated image or object symbolize?"
181,607,40,7,Why does the main character act differently near the end of 'The Immortal on the Bench'?,they realize a truth,they are forced,they win a prize,they run away,they realize a truth,Inference,2,FALSE,0,6,Why does the main character act differently near the end of 'The Immortal on the Bench'?
182,607,41,7,What is the central theme of 'The Immortal on the Bench'?,freedom and responsibility,luck and chance,technology and control,friendship and humor,freedom and responsibility,Theme,2,FALSE,0,6,What is the central theme of 'The Immortal on the Bench'?
183,607,42,7,How does the author make the ending of 'The Immortal on the Bench' powerful?,by using imagery and reflection,by adding a twist,by introducing a new character,by ending in a question,by using imagery and reflection,Evaluation,2,FALSE,0,6,How does the author make the ending of 'The Immortal on the Bench' powerful?
184,608,43,8,What is the main setting of 'The House That Refused to End'?,a river valley,a city,a house,a tower,a city,Literal,2,FALSE,0,6,What is the main setting of 'The House That Refused to End'?
185,608,44,8,What action changes the direction of events in 'The House That Refused to End'?,a brave decision,an accident,a lie told by a friend,a letter found,a brave decision,Detail,2,FALSE,0,6,What action changes the direction of events in 'The House That Refused to End'?
186,608,45,8,"In 'The House That Refused to End', what does a repeated image or object symbolize?",hope,fear,confusion,wealth,hope,Vocabulary,2,FALSE,0,6,"In 'The House That Refused to End', what does a repeated image or object symbolize?"
187,608,46,8,Why does the main character act differently near the end of 'The House That Refused to End'?,they realize a truth,they are forced,they win a prize,they run away,they realize a truth,Inference,2,FALSE,0,6,Why does the main character act differently near the end of 'The House That Refused to End'?
188,608,47,8,What is the central theme of 'The House That Refused to End'?,freedom and responsibility,luck and chance,technology and control,friendship and humor,freedom and responsibility,Theme,2,FALSE,0,6,What is the central theme of 'The House That Refused to End'?
189,608,48,8,How does the author make the ending of 'The House That Refused to End' powerful?,by using imagery and reflection,by adding a twist,by introducing a new character,by ending in a question,by using imagery and reflection,Evaluation,2,FALSE,0,6,How does the author make the ending of 'The House That Refused to End' powerful?
190,609,49,9,What is the main setting of 'The Glass City'?,a river valley,a city,a house,a tower,a city,Literal,3,FALSE,0,6,What is the main setting of 'The Glass City'?
191,609,50,9,What action changes the direction of events in 'The Glass City'?,a brave decision,an accident,a lie told by a friend,a letter found,a brave decision,Detail,3,FALSE,0,6,What action changes the direction of events in 'The Glass City'?
192,609,51,9,"In 'The Glass City', what does a repeated image or object symbolize?",hope,fear,confusion,wealth,hope,Vocabulary,3,FALSE,0,6,"In 'The Glass City', what does a repeated image or object symbolize?"
193,609,52,9,Why does the main character act differently near the end of 'The Glass City'?,they realize a truth,they are forced,they win a prize,they run away,they realize a truth,Inference,3,FALSE,0,6,Why does the main character act differently near the end of 'The Glass City'?
194,609,53,9,What is the central theme of 'The Glass City'?,freedom and responsibility,luck and chance,technology and control,friendship and humor,freedom and responsibility,Theme,3,FALSE,0,6,What is the central theme of 'The Glass City'?
195,609,54,9,How does the author make the ending of 'The Glass City' powerful?,by using imagery and reflection,by adding a twist,by introducing a new character,by ending in a question,by using imagery and reflection,Evaluation,3,FALSE,0,6,How does the author make the ending of 'The Glass City' powerful?
196,610,55,10,What is the main setting of 'The Paper Rebellion'?,a river valley,a city,a house,a tower,a city,Literal,3,FALSE,0,6,What is the main setting of 'The Paper Rebellion'?
197,610,56,10,What action changes the direction of events in 'The Paper Rebellion'?,a brave decision,an accident,a lie told by a friend,a letter found,a brave decision,Detail,3,FALSE,0,6,What action changes the direction of events in 'The Paper Rebellion'?
198,610,57,10,"In 'The Paper Rebellion', what does a repeated image or object symbolize?",hope,fear,confusion,wealth,hope,Vocabulary,3,FALSE,0,6,"In 'The Paper Rebellion', what does a repeated image or object symbolize?"
199,610,58,10,Why does the main character act differently near the end of 'The Paper Rebellion'?,they realize a truth,they are forced,they win a prize,they run away,they realize a truth,Inference,3,FALSE,0,6,Why does the main character act differently near the end of 'The Paper Rebellion'?
200,610,59,10,What is the central theme of 'The Paper Rebellion'?,freedom and responsibility,luck and chance,technology and control,friendship and humor,freedom and responsibility,Theme,3,FALSE,0,6,What is the central theme of 'The Paper Rebellion'?
201,610,60,10,How does the author make the ending of 'The Paper Rebellion' powerful?,by using imagery and reflection,by adding a twist,by introducing a new character,by ending in a question,by using imagery and reflection,Evaluation,3,FALSE,0,6,How does the author make the ending of 'The Paper Rebellion' powerful?
202,611,61,11,What is the main setting of 'The Algorithm‚Äôs Garden'?,a river valley,a city,a house,a tower,a city,Literal,3,FALSE,0,6,What is the main setting of 'The Algorithm‚Äôs Garden'?
203,611,62,11,Which statement best summarizes this passage?,"It explains when the machines began planting trees, humans applauded..","It lists random, unrelated facts.",It tells a fantasy story about dragons.,It argues that homework should be banned.,"It explains when the machines began planting trees, humans applauded..",Literal,3,FALSE,0,6,", 'What is the main idea of the passage about nan?"
204,611,63,11,"In 'The Algorithm‚Äôs Garden', what does a repeated image or object symbolize?",hope,fear,confusion,wealth,hope,Vocabulary,3,FALSE,0,6,"In 'The Algorithm‚Äôs Garden', what does a repeated image or object symbolize?"
205,611,64,11,Why does the main character act differently near the end of 'The Algorithm‚Äôs Garden'?,they realize a truth,they are forced,they win a prize,they run away,they realize a truth,Inference,3,FALSE,0,6,Why does the main character act differently near the end of 'The Algorithm‚Äôs Garden'?
206,611,65,11,What is the best title for this passage?,How to Build a Robot,Why Rules Matter,"When The machines began planting trees,",A Day at the Beach,"When The machines began planting trees,",Literal,3,FALSE,0,6,What is the best title for this passage?
207,611,66,11,How does the author make the ending of 'The Algorithm‚Äôs Garden' powerful?,by using imagery and reflection,by adding a twist,by introducing a new character,by ending in a question,by using imagery and reflection,Evaluation,3,FALSE,0,6,How does the author make the ending of 'The Algorithm‚Äôs Garden' powerful?
208,612,67,12,What is the main setting of 'The Tower of Silence'?,a river valley,a city,a house,a tower,a city,Literal,3,FALSE,0,6,What is the main setting of 'The Tower of Silence'?
209,612,68,12,What action changes the direction of events in 'The Tower of Silence'?,a brave decision,an accident,a lie told by a friend,a letter found,a brave decision,Detail,3,FALSE,0,6,What action changes the direction of events in 'The Tower of Silence'?
210,612,69,12,"In 'The Tower of Silence', what does a repeated image or object symbolize?",hope,fear,confusion,wealth,hope,Vocabulary,3,FALSE,0,6,"In 'The Tower of Silence', what does a repeated image or object symbolize?"
211,612,70,12,Why does the main character act differently near the end of 'The Tower of Silence'?,they realize a truth,they are forced,they win a prize,they run away,they realize a truth,Inference,3,FALSE,0,6,Why does the main character act differently near the end of 'The Tower of Silence'?
212,612,71,12,What is the central theme of 'The Tower of Silence'?,freedom and responsibility,luck and chance,technology and control,friendship and humor,freedom and responsibility,Theme,3,FALSE,0,6,What is the central theme of 'The Tower of Silence'?
213,612,72,12,How does the author make the ending of 'The Tower of Silence' powerful?,by using imagery and reflection,by adding a twist,by introducing a new character,by ending in a question,by using imagery and reflection,Evaluation,3,FALSE,0,6,How does the author make the ending of 'The Tower of Silence' powerful?
214,701,1,1,What is the central idea of 'The Rest Note'?,The text explores balance between emotion and reason.,The text defends technological dominance.,The text argues for the end of tradition.,The text describes a personal failure.,The text explores balance between emotion and reason.,Central Idea,2,FALSE,0,7,What is the central idea of 'The Rest Note'?
215,701,2,1,Which detail best supports the main idea in 'The Rest Note'?,A quote illustrating moral balance,A statistical comparison of costs,A description of a building,A reference to an unrelated event,A quote illustrating moral balance,Evidence,2,FALSE,0,7,Which detail best supports the main idea in 'The Rest Note'?
216,701,3,1,"In 'The Rest Note', the word 'reflection' most nearly means‚Äî",serious thought,mirror image,light bounce,criticism,serious thought,Vocabulary,2,FALSE,0,7,"Replace 'reflection' with a word that appears in the passage, or rewrite the question to use passage vocabulary."
217,701,4,1,What can be inferred about the author‚Äôs tone in 'The Rest Note'?,balanced and contemplative,sarcastic and dismissive,joyful and nostalgic,coldly scientific,balanced and contemplative,Inference,2,FALSE,0,7,What can be inferred about the author‚Äôs tone in 'The Rest Note'?
218,701,5,1,How does the author develop the main argument in 'The Rest Note'?,by contrasting ideals with outcomes,by listing statistics,by mocking opponents,by defining technical terms,by contrasting ideals with outcomes,Structure,2,FALSE,0,7,How does the author develop the main argument in 'The Rest Note'?
219,701,6,1,Which statement best describes the author‚Äôs purpose in 'The Rest Note'?,to examine human motivation through abstract analysis,to entertain through humor,to document historical data,to advocate for policy change,to examine human motivation through abstract analysis,Purpose,2,FALSE,0,7,Which statement best describes the author‚Äôs purpose in 'The Rest Note'?
220,701,7,1,What is the effect of the imagery used in 'The Rest Note'?,It deepens emotional impact,It distracts from key ideas,It clarifies technical processes,It adds humor,It deepens emotional impact,Style,2,FALSE,0,7,What is the effect of the imagery used in 'The Rest Note'?
221,701,8,1,Which phrase from 'The Rest Note' best supports the answer to the previous question?,a line describing contrast or silence,a line about weather,a figure of speech unrelated to theme,a numerical fact,a line describing contrast or silence,Evidence,2,FALSE,0,7,Which phrase from 'The Rest Note' best supports the answer to the previous question?
222,701,9,1,"Based on 'The Rest Note', which assumption does the author challenge?",that progress is always positive,that emotion is superior to reason,that art is obsolete,that science is flawless,that progress is always positive,Inference,2,FALSE,0,7,"Based on 'The Rest Note', which assumption does the author challenge?"
223,701,10,1,What is the tone of the concluding paragraph in 'The Rest Note'?,resigned yet hopeful,angry and urgent,indifferent,sarcastic,resigned yet hopeful,Tone,2,FALSE,0,7,What is the tone of the concluding paragraph in 'The Rest Note'?
224,701,11,1,What rhetorical device is most evident in 'The Rest Note'?,contrast,metaphor,hyperbole,irony,metaphor,Rhetoric,2,FALSE,0,7,What rhetorical device is most evident in 'The Rest Note'?
225,701,12,1,What evidence would most strengthen the author‚Äôs argument in 'The Rest Note'?,data illustrating long-term impact,an emotional anecdote,a list of names,a historical coincidence,data illustrating long-term impact,Synthesis,2,FALSE,0,7,What evidence would most strengthen the author‚Äôs argument in 'The Rest Note'?
226,701,13,1,Which choice best describes how paragraph 3 functions in 'The Rest Note'?,It transitions from example to interpretation,It provides comic relief,It shifts focus to unrelated data,It summarizes all prior claims,It transitions from example to interpretation,Function,2,FALSE,0,7,Which choice best describes how paragraph 3 functions in 'The Rest Note'?
227,701,14,1,"According to 'The Rest Note', what broader principle can be drawn?","Ethical insight arises from reflection, not haste",Power inevitably corrupts systems,Beauty guarantees truth,Failure defines genius,"Ethical insight arises from reflection, not haste",Theme,2,FALSE,0,7,"According to 'The Rest Note', what broader principle can be drawn?"
228,701,15,1,How does the author‚Äôs conclusion in 'The Rest Note' relate to the introduction?,It resolves initial tension by redefining success,It contradicts the original claim,It leaves the issue unanswered,It changes topic entirely,It resolves initial tension by redefining success,Evaluation,2,FALSE,0,7,How does the author‚Äôs conclusion in 'The Rest Note' relate to the introduction?
229,702,16,2,"What is the central idea of 'The Republic of Letters, Revisited'?",The text explores balance between emotion and reason.,The text defends technological dominance.,The text argues for the end of tradition.,The text describes a personal failure.,The text explores balance between emotion and reason.,Central Idea,3,FALSE,0,7,"What is the central idea of 'The Republic of Letters, Revisited'?"
230,702,17,2,"Which detail best supports the main idea in 'The Republic of Letters, Revisited'?",A quote illustrating moral balance,A statistical comparison of costs,A description of a building,A reference to an unrelated event,A quote illustrating moral balance,Evidence,3,FALSE,0,7,"Which detail best supports the main idea in 'The Republic of Letters, Revisited'?"
231,702,18,2,"In 'The Republic of Letters, Revisited', the word 'reflection' most nearly means‚Äî",serious thought,mirror image,light bounce,criticism,serious thought,Vocabulary,3,FALSE,0,7,"Replace 'reflection' with a word that appears in the passage, or rewrite the question to use passage vocabulary."
232,702,19,2,"What can be inferred about the author‚Äôs tone in 'The Republic of Letters, Revisited'?",balanced and contemplative,sarcastic and dismissive,joyful and nostalgic,coldly scientific,balanced and contemplative,Inference,3,FALSE,0,7,"What can be inferred about the author‚Äôs tone in 'The Republic of Letters, Revisited'?"
233,702,20,2,"How does the author develop the main argument in 'The Republic of Letters, Revisited'?",by contrasting ideals with outcomes,by listing statistics,by mocking opponents,by defining technical terms,by contrasting ideals with outcomes,Structure,3,FALSE,0,7,"How does the author develop the main argument in 'The Republic of Letters, Revisited'?"
234,702,21,2,"Which statement best describes the author‚Äôs purpose in 'The Republic of Letters, Revisited'?",to examine human motivation through abstract analysis,to entertain through humor,to document historical data,to advocate for policy change,to examine human motivation through abstract analysis,Purpose,3,FALSE,0,7,"Which statement best describes the author‚Äôs purpose in 'The Republic of Letters, Revisited'?"
235,702,22,2,"What is the effect of the imagery used in 'The Republic of Letters, Revisited'?",It deepens emotional impact,It distracts from key ideas,It clarifies technical processes,It adds humor,It deepens emotional impact,Style,3,FALSE,0,7,"What is the effect of the imagery used in 'The Republic of Letters, Revisited'?"
236,702,23,2,"Which phrase from 'The Republic of Letters, Revisited' best supports the answer to the previous question?",a line describing contrast or silence,a line about weather,a figure of speech unrelated to theme,a numerical fact,a line describing contrast or silence,Evidence,3,FALSE,0,7,"Which phrase from 'The Republic of Letters, Revisited' best supports the answer to the previous question?"
237,702,24,2,"Based on 'The Republic of Letters, Revisited', which assumption does the author challenge?",that progress is always positive,that emotion is superior to reason,that art is obsolete,that science is flawless,that progress is always positive,Inference,3,FALSE,0,7,"Based on 'The Republic of Letters, Revisited', which assumption does the author challenge?"
238,702,25,2,"What is the tone of the concluding paragraph in 'The Republic of Letters, Revisited'?",resigned yet hopeful,angry and urgent,indifferent,sarcastic,resigned yet hopeful,Tone,3,FALSE,0,7,"What is the tone of the concluding paragraph in 'The Republic of Letters, Revisited'?"
239,702,26,2,"What rhetorical device is most evident in 'The Republic of Letters, Revisited'?",contrast,metaphor,hyperbole,irony,metaphor,Rhetoric,3,FALSE,0,7,"What rhetorical device is most evident in 'The Republic of Letters, Revisited'?"
240,702,27,2,"What evidence would most strengthen the author‚Äôs argument in 'The Republic of Letters, Revisited'?",data illustrating long-term impact,an emotional anecdote,a list of names,a historical coincidence,data illustrating long-term impact,Synthesis,3,FALSE,0,7,"What evidence would most strengthen the author‚Äôs argument in 'The Republic of Letters, Revisited'?"
241,702,28,2,"Which choice best describes how paragraph 3 functions in 'The Republic of Letters, Revisited'?",It transitions from example to interpretation,It provides comic relief,It shifts focus to unrelated data,It summarizes all prior claims,It transitions from example to interpretation,Function,3,FALSE,0,7,"Which choice best describes how paragraph 3 functions in 'The Republic of Letters, Revisited'?"
242,702,29,2,"According to 'The Republic of Letters, Revisited', what broader principle can be drawn?","Ethical insight arises from reflection, not haste",Power inevitably corrupts systems,Beauty guarantees truth,Failure defines genius,"Ethical insight arises from reflection, not haste",Theme,3,FALSE,0,7,"According to 'The Republic of Letters, Revisited', what broader principle can be drawn?"
243,702,30,2,"How does the author‚Äôs conclusion in 'The Republic of Letters, Revisited' relate to the introduction?",It resolves initial tension by redefining success,It contradicts the original claim,It leaves the issue unanswered,It changes topic entirely,It resolves initial tension by redefining success,Evaluation,3,FALSE,0,7,"How does the author‚Äôs conclusion in 'The Republic of Letters, Revisited' relate to the introduction?"
244,703,31,3,What is the central idea of 'The Map of an Unseen Forest'?,The text explores balance between emotion and reason.,The text defends technological dominance.,The text argues for the end of tradition.,The text describes a personal failure.,The text explores balance between emotion and reason.,Central Idea,2,FALSE,0,7,What is the central idea of 'The Map of an Unseen Forest'?
245,703,32,3,What is the best title for this passage?,How to Build a Robot,Why Rules Matter,Deep Beneath the canopy of the,A Day at the Beach,Deep Beneath the canopy of the,Literal,2,FALSE,0,7,What is the best title for this passage?
246,703,33,3,"In 'The Map of an Unseen Forest', the word 'reflection' most nearly means‚Äî",serious thought,mirror image,light bounce,criticism,serious thought,Vocabulary,2,FALSE,0,7,"Replace 'reflection' with a word that appears in the passage, or rewrite the question to use passage vocabulary."
247,703,34,3,What can be inferred about the author‚Äôs tone in 'The Map of an Unseen Forest'?,balanced and contemplative,sarcastic and dismissive,joyful and nostalgic,coldly scientific,balanced and contemplative,Inference,2,FALSE,0,7,What can be inferred about the author‚Äôs tone in 'The Map of an Unseen Forest'?
248,703,35,3,What is the best title for this passage?,How to Build a Robot,Why Rules Matter,Deep Beneath the canopy of the,A Day at the Beach,Deep Beneath the canopy of the,Literal,2,FALSE,0,7,What is the best title for this passage?
249,703,36,3,What is the best title for this passage?,How to Build a Robot,Why Rules Matter,Deep Beneath the canopy of the,A Day at the Beach,Deep Beneath the canopy of the,Literal,2,FALSE,0,7,What is the best title for this passage?
250,703,37,3,What is the effect of the imagery used in 'The Map of an Unseen Forest'?,It deepens emotional impact,It distracts from key ideas,It clarifies technical processes,It adds humor,It deepens emotional impact,Style,2,FALSE,0,7,What is the effect of the imagery used in 'The Map of an Unseen Forest'?
251,703,38,3,What is the best title for this passage?,How to Build a Robot,Why Rules Matter,Deep Beneath the canopy of the,A Day at the Beach,Deep Beneath the canopy of the,Literal,2,FALSE,0,7,What is the best title for this passage?
252,703,39,3,What is the author's main purpose in this passage?,To entertain with a fantasy story.,To give step-by-step instructions for a craft.,To inform readers about a topic.,To persuade readers to buy a product.,To inform readers about a topic.,Inference,2,FALSE,0,7,", 'What is the main idea of the passage about nan?"
253,703,40,3,What is the tone of the concluding paragraph in 'The Map of an Unseen Forest'?,resigned yet hopeful,angry and urgent,indifferent,sarcastic,resigned yet hopeful,Tone,2,FALSE,0,7,What is the tone of the concluding paragraph in 'The Map of an Unseen Forest'?
254,703,41,3,What rhetorical device is most evident in 'The Map of an Unseen Forest'?,contrast,metaphor,hyperbole,irony,metaphor,Rhetoric,2,FALSE,0,7,What rhetorical device is most evident in 'The Map of an Unseen Forest'?
255,703,42,3,What evidence would most strengthen the author‚Äôs argument in 'The Map of an Unseen Forest'?,data illustrating long-term impact,an emotional anecdote,a list of names,a historical coincidence,data illustrating long-term impact,Synthesis,2,FALSE,0,7,What evidence would most strengthen the author‚Äôs argument in 'The Map of an Unseen Forest'?
256,703,43,3,What is the best title for this passage?,How to Build a Robot,Why Rules Matter,Deep Beneath the canopy of the,A Day at the Beach,Deep Beneath the canopy of the,Literal,2,FALSE,0,7,What is the best title for this passage?
257,703,44,3,"According to 'The Map of an Unseen Forest', what broader principle can be drawn?","Ethical insight arises from reflection, not haste",Power inevitably corrupts systems,Beauty guarantees truth,Failure defines genius,"Ethical insight arises from reflection, not haste",Theme,2,FALSE,0,7,"According to 'The Map of an Unseen Forest', what broader principle can be drawn?"
258,703,45,3,What is the best title for this passage?,How to Build a Robot,Why Rules Matter,Deep Beneath the canopy of the,A Day at the Beach,Deep Beneath the canopy of the,Literal,2,FALSE,0,7,What is the best title for this passage?
259,704,46,4,What is the central idea of 'The Arithmetic of Regret'?,The text explores balance between emotion and reason.,The text defends technological dominance.,The text argues for the end of tradition.,The text describes a personal failure.,The text explores balance between emotion and reason.,Central Idea,3,FALSE,0,7,What is the central idea of 'The Arithmetic of Regret'?
260,704,47,4,Which detail best supports the main idea in 'The Arithmetic of Regret'?,A quote illustrating moral balance,A statistical comparison of costs,A description of a building,A reference to an unrelated event,A quote illustrating moral balance,Evidence,3,FALSE,0,7,Which detail best supports the main idea in 'The Arithmetic of Regret'?
261,704,48,4,"In 'The Arithmetic of Regret', the word 'reflection' most nearly means‚Äî",serious thought,mirror image,light bounce,criticism,serious thought,Vocabulary,3,FALSE,0,7,"Replace 'reflection' with a word that appears in the passage, or rewrite the question to use passage vocabulary."
262,704,49,4,What can be inferred about the author‚Äôs tone in 'The Arithmetic of Regret'?,balanced and contemplative,sarcastic and dismissive,joyful and nostalgic,coldly scientific,balanced and contemplative,Inference,3,FALSE,0,7,What can be inferred about the author‚Äôs tone in 'The Arithmetic of Regret'?
263,704,50,4,How does the author develop the main argument in 'The Arithmetic of Regret'?,by contrasting ideals with outcomes,by listing statistics,by mocking opponents,by defining technical terms,by contrasting ideals with outcomes,Structure,3,FALSE,0,7,How does the author develop the main argument in 'The Arithmetic of Regret'?
264,704,51,4,Which statement best describes the author‚Äôs purpose in 'The Arithmetic of Regret'?,to examine human motivation through abstract analysis,to entertain through humor,to document historical data,to advocate for policy change,to examine human motivation through abstract analysis,Purpose,3,FALSE,0,7,Which statement best describes the author‚Äôs purpose in 'The Arithmetic of Regret'?
265,704,52,4,What is the effect of the imagery used in 'The Arithmetic of Regret'?,It deepens emotional impact,It distracts from key ideas,It clarifies technical processes,It adds humor,It deepens emotional impact,Style,3,FALSE,0,7,What is the effect of the imagery used in 'The Arithmetic of Regret'?
266,704,53,4,Which phrase from 'The Arithmetic of Regret' best supports the answer to the previous question?,a line describing contrast or silence,a line about weather,a figure of speech unrelated to theme,a numerical fact,a line describing contrast or silence,Evidence,3,FALSE,0,7,Which phrase from 'The Arithmetic of Regret' best supports the answer to the previous question?
267,704,54,4,"Based on 'The Arithmetic of Regret', which assumption does the author challenge?",that progress is always positive,that emotion is superior to reason,that art is obsolete,that science is flawless,that progress is always positive,Inference,3,FALSE,0,7,"Based on 'The Arithmetic of Regret', which assumption does the author challenge?"
268,704,55,4,What is the tone of the concluding paragraph in 'The Arithmetic of Regret'?,resigned yet hopeful,angry and urgent,indifferent,sarcastic,resigned yet hopeful,Tone,3,FALSE,0,7,What is the tone of the concluding paragraph in 'The Arithmetic of Regret'?
269,704,56,4,What rhetorical device is most evident in 'The Arithmetic of Regret'?,contrast,metaphor,hyperbole,irony,metaphor,Rhetoric,3,FALSE,0,7,What rhetorical device is most evident in 'The Arithmetic of Regret'?
270,704,57,4,What evidence would most strengthen the author‚Äôs argument in 'The Arithmetic of Regret'?,data illustrating long-term impact,an emotional anecdote,a list of names,a historical coincidence,data illustrating long-term impact,Synthesis,3,FALSE,0,7,What evidence would most strengthen the author‚Äôs argument in 'The Arithmetic of Regret'?
271,704,58,4,Which choice best describes how paragraph 3 functions in 'The Arithmetic of Regret'?,It transitions from example to interpretation,It provides comic relief,It shifts focus to unrelated data,It summarizes all prior claims,It transitions from example to interpretation,Function,3,FALSE,0,7,Which choice best describes how paragraph 3 functions in 'The Arithmetic of Regret'?
272,704,59,4,"According to 'The Arithmetic of Regret', what broader principle can be drawn?","Ethical insight arises from reflection, not haste",Power inevitably corrupts systems,Beauty guarantees truth,Failure defines genius,"Ethical insight arises from reflection, not haste",Theme,3,FALSE,0,7,"According to 'The Arithmetic of Regret', what broader principle can be drawn?"
273,704,60,4,How does the author‚Äôs conclusion in 'The Arithmetic of Regret' relate to the introduction?,It resolves initial tension by redefining success,It contradicts the original claim,It leaves the issue unanswered,It changes topic entirely,It resolves initial tension by redefining success,Evaluation,3,FALSE,0,7,How does the author‚Äôs conclusion in 'The Arithmetic of Regret' relate to the introduction?
274,705,61,5,What is the central idea of 'Letters to the Future (A Paired Passage)'?,The text explores balance between emotion and reason.,The text defends technological dominance.,The text argues for the end of tradition.,The text describes a personal failure.,The text explores balance between emotion and reason.,Central Idea,3,FALSE,0,7,What is the central idea of 'Letters to the Future (A Paired Passage)'?
275,705,62,5,What is the best title for this passage?,A Day at the Beach,How to Build a Robot,Why Rules Matter,Passage A ‚Äì A Letter From,Passage A ‚Äì A Letter From,Literal,3,FALSE,0,7,What is the best title for this passage?
276,705,63,5,"In 'Letters to the Future (A Paired Passage)', the word 'reflection' most nearly means‚Äî",serious thought,mirror image,light bounce,criticism,serious thought,Vocabulary,3,FALSE,0,7,"Replace 'reflection' with a word that appears in the passage, or rewrite the question to use passage vocabulary."
277,705,64,5,What can be inferred about the author‚Äôs tone in 'Letters to the Future (A Paired Passage)'?,balanced and contemplative,sarcastic and dismissive,joyful and nostalgic,coldly scientific,balanced and contemplative,Inference,3,FALSE,0,7,What can be inferred about the author‚Äôs tone in 'Letters to the Future (A Paired Passage)'?
278,705,65,5,How does the author develop the main argument in 'Letters to the Future (A Paired Passage)'?,by contrasting ideals with outcomes,by listing statistics,by mocking opponents,by defining technical terms,by contrasting ideals with outcomes,Structure,3,FALSE,0,7,How does the author develop the main argument in 'Letters to the Future (A Paired Passage)'?
279,705,66,5,What is the best title for this passage?,A Day at the Beach,How to Build a Robot,Why Rules Matter,Passage A ‚Äì A Letter From,Passage A ‚Äì A Letter From,Literal,3,FALSE,0,7,What is the best title for this passage?
280,705,67,5,What is the effect of the imagery used in 'Letters to the Future (A Paired Passage)'?,It deepens emotional impact,It distracts from key ideas,It clarifies technical processes,It adds humor,It deepens emotional impact,Style,3,FALSE,0,7,What is the effect of the imagery used in 'Letters to the Future (A Paired Passage)'?
281,705,68,5,Which phrase from 'Letters to the Future (A Paired Passage)' best supports the answer to the previous question?,a line describing contrast or silence,a line about weather,a figure of speech unrelated to theme,a numerical fact,a line describing contrast or silence,Evidence,3,FALSE,0,7,Which phrase from 'Letters to the Future (A Paired Passage)' best supports the answer to the previous question?
282,705,69,5,What is the author's main purpose in this passage?,To entertain with a fantasy story.,To give step-by-step instructions for a craft.,To inform readers about a topic.,To persuade readers to buy a product.,To inform readers about a topic.,Inference,3,FALSE,0,7,", 'What is the main idea of the passage about nan?"
283,705,70,5,What is the tone of the concluding paragraph in 'Letters to the Future (A Paired Passage)'?,resigned yet hopeful,angry and urgent,indifferent,sarcastic,resigned yet hopeful,Tone,3,FALSE,0,7,What is the tone of the concluding paragraph in 'Letters to the Future (A Paired Passage)'?
284,705,71,5,What rhetorical device is most evident in 'Letters to the Future (A Paired Passage)'?,contrast,metaphor,hyperbole,irony,metaphor,Rhetoric,3,FALSE,0,7,What rhetorical device is most evident in 'Letters to the Future (A Paired Passage)'?
285,705,72,5,What evidence would most strengthen the author‚Äôs argument in 'Letters to the Future (A Paired Passage)'?,data illustrating long-term impact,an emotional anecdote,a list of names,a historical coincidence,data illustrating long-term impact,Synthesis,3,FALSE,0,7,What evidence would most strengthen the author‚Äôs argument in 'Letters to the Future (A Paired Passage)'?
286,705,73,5,What is the best title for this passage?,A Day at the Beach,How to Build a Robot,Why Rules Matter,Passage A ‚Äì A Letter From,Passage A ‚Äì A Letter From,Literal,3,FALSE,0,7,What is the best title for this passage?
287,705,74,5,"According to 'Letters to the Future (A Paired Passage)', what broader principle can be drawn?","Ethical insight arises from reflection, not haste",Power inevitably corrupts systems,Beauty guarantees truth,Failure defines genius,"Ethical insight arises from reflection, not haste",Theme,3,FALSE,0,7,"According to 'Letters to the Future (A Paired Passage)', what broader principle can be drawn?"
288,705,75,5,What is the best title for this passage?,A Day at the Beach,How to Build a Robot,Why Rules Matter,Passage A ‚Äì A Letter From,Passage A ‚Äì A Letter From,Literal,3,FALSE,0,7,What is the best title for this passage?
289,706,76,6,What is the best title for this passage?,Why Rules Matter,"In 1895, Sociologist Gustave Le Bon",A Day at the Beach,How to Build a Robot,"In 1895, Sociologist Gustave Le Bon",Literal,2,FALSE,0,7,What is the best title for this passage?
290,706,77,6,What is the best title for this passage?,Why Rules Matter,"In 1895, Sociologist Gustave Le Bon",A Day at the Beach,How to Build a Robot,"In 1895, Sociologist Gustave Le Bon",Literal,2,FALSE,0,7,What is the best title for this passage?
291,706,78,6,What is the best title for this passage?,Why Rules Matter,"In 1895, Sociologist Gustave Le Bon",A Day at the Beach,How to Build a Robot,"In 1895, Sociologist Gustave Le Bon",Vocabulary,2,FALSE,0,7,What is the best title for this passage?
292,706,79,6,What is the author's main purpose in this passage?,To entertain with a fantasy story.,To give step-by-step instructions for a craft.,To inform readers about a topic.,To persuade readers to buy a product.,To inform readers about a topic.,Inference,2,FALSE,0,7,", 'What is the main idea of the passage about nan?"
293,706,80,6,How does the author develop the main argument in 'The Equation of the Crowd'?,by contrasting ideals with outcomes,by listing statistics,by mocking opponents,by defining technical terms,by contrasting ideals with outcomes,Structure,2,FALSE,0,7,How does the author develop the main argument in 'The Equation of the Crowd'?
294,706,81,6,What is the best title for this passage?,Why Rules Matter,"In 1895, Sociologist Gustave Le Bon",A Day at the Beach,How to Build a Robot,"In 1895, Sociologist Gustave Le Bon",Literal,2,FALSE,0,7,What is the best title for this passage?
295,706,82,6,What is the best title for this passage?,Why Rules Matter,"In 1895, Sociologist Gustave Le Bon",A Day at the Beach,How to Build a Robot,"In 1895, Sociologist Gustave Le Bon",Literal,2,FALSE,0,7,What is the best title for this passage?
296,706,83,6,What is the best title for this passage?,Why Rules Matter,"In 1895, Sociologist Gustave Le Bon",A Day at the Beach,How to Build a Robot,"In 1895, Sociologist Gustave Le Bon",Literal,2,FALSE,0,7,What is the best title for this passage?
297,706,84,6,"Based on 'The Equation of the Crowd', which assumption does the author challenge?",that progress is always positive,that emotion is superior to reason,that art is obsolete,that science is flawless,that progress is always positive,Inference,2,FALSE,0,7,"Based on 'The Equation of the Crowd', which assumption does the author challenge?"
298,706,85,6,What is the tone of the concluding paragraph in 'The Equation of the Crowd'?,resigned yet hopeful,angry and urgent,indifferent,sarcastic,resigned yet hopeful,Tone,2,FALSE,0,7,What is the tone of the concluding paragraph in 'The Equation of the Crowd'?
299,706,86,6,What is the best title for this passage?,Why Rules Matter,"In 1895, Sociologist Gustave Le Bon",A Day at the Beach,How to Build a Robot,"In 1895, Sociologist Gustave Le Bon",Literal,2,FALSE,0,7,What is the best title for this passage?
300,706,87,6,What is the best title for this passage?,Why Rules Matter,"In 1895, Sociologist Gustave Le Bon",A Day at the Beach,How to Build a Robot,"In 1895, Sociologist Gustave Le Bon",Literal,2,FALSE,0,7,What is the best title for this passage?
301,706,88,6,Which choice best describes how paragraph 3 functions in 'The Equation of the Crowd'?,It transitions from example to interpretation,It provides comic relief,It shifts focus to unrelated data,It summarizes all prior claims,It transitions from example to interpretation,Function,2,FALSE,0,7,Which choice best describes how paragraph 3 functions in 'The Equation of the Crowd'?
302,706,89,6,What is the best title for this passage?,Why Rules Matter,"In 1895, Sociologist Gustave Le Bon",A Day at the Beach,How to Build a Robot,"In 1895, Sociologist Gustave Le Bon",Literal,2,FALSE,0,7,What is the best title for this passage?
303,706,90,6,What is the best title for this passage?,Why Rules Matter,"In 1895, Sociologist Gustave Le Bon",A Day at the Beach,How to Build a Robot,"In 1895, Sociologist Gustave Le Bon",Literal,2,FALSE,0,7,What is the best title for this passage?
