global_question_id,global_passage_id,question_id,passage_id,question_text,choice_1,choice_2,choice_3,choice_4,correct_answer,question_type,difficulty,manual_review,used_count,level
1,101,1,L1-1,Which statement best summarizes this passage?,"It lists random, unrelated facts.",It tells a fantasy story about dragons.,It argues that homework should be banned.,It explains tom is at school..,It explains tom is at school..,Literal,1,False,0,1
2,101,2,L1-1,Which statement best summarizes this passage?,"It lists random, unrelated facts.",It tells a fantasy story about dragons.,It argues that homework should be banned.,It explains tom is at school..,It explains tom is at school..,Literal,1,False,0,1
3,101,3,L1-1,Who helps Tom?,his teacher,his friend,his sister,his father,his teacher,Detail,1,False,0,1
4,101,4,L1-1,What is the author's main purpose in this passage?,To persuade readers to buy a product.,To entertain with a fantasy story.,To give step-by-step instructions for a craft.,To inform readers about a topic.,To inform readers about a topic.,Inference,1,False,0,1
5,102,5,L1-2,Which statement best summarizes this passage?,"It lists random, unrelated facts.",It tells a fantasy story about dragons.,It argues that homework should be banned.,It explains i have a dog..,It explains i have a dog..,Literal,1,False,0,1
6,102,6,L1-2,What does Max like to do?,sleep,run and play,eat,bark loudly,run and play,Detail,1,False,0,1
7,102,7,L1-2,Which statement best summarizes this passage?,"It lists random, unrelated facts.",It tells a fantasy story about dragons.,It argues that homework should be banned.,It explains i have a dog..,It explains i have a dog..,Literal,1,False,0,1
8,102,8,L1-2,What is the best title for this passage?,How to Build a Robot,Why Rules Matter,I Have a dog.,A Day at the Beach,I Have a dog.,Vocabulary,1,False,0,1
9,103,9,L1-3,Which statement best summarizes this passage?,It explains the sun is yellow..,"It lists random, unrelated facts.",It tells a fantasy story about dragons.,It argues that homework should be banned.,It explains the sun is yellow..,Literal,1,False,0,1
10,201,1,L2-1,Which statement best summarizes this passage?,"It lists random, unrelated facts.",It tells a fantasy story about dragons.,It argues that homework should be banned.,It explains i had a red pencil i liked very much..,It explains i had a red pencil i liked very much..,Literal,1,False,0,2
11,201,2,L2-1,Where did the writer look for the pencil?,in the desk,in the bag,in the garden,on the bed,in the desk,Detail,1,False,0,2
12,201,3,L2-1,Who found the pencil?,Sam,Mom,Tom,Lucy,Sam,Detail,1,False,0,2
13,201,4,L2-1,What is the author's main purpose in this passage?,To entertain with a fantasy story.,To give step-by-step instructions for a craft.,To inform readers about a topic.,To persuade readers to buy a product.,To inform readers about a topic.,Inference,1,False,0,2
14,202,5,L2-2,Which statement best summarizes this passage?,It explains a new student came to our class today..,"It lists random, unrelated facts.",It tells a fantasy story about dragons.,It argues that homework should be banned.,It explains a new student came to our class today..,Literal,1,False,0,2
15,202,6,L2-2,How did Lucy feel at first?,shy,angry,happy,tired,shy,Detail,1,False,0,2
16,202,7,L2-2,Which statement best summarizes this passage?,It explains a new student came to our class today..,"It lists random, unrelated facts.",It tells a fantasy story about dragons.,It argues that homework should be banned.,It explains a new student came to our class today..,Literal,1,False,0,2
17,202,8,L2-2,What is the best title for this passage?,Why Rules Matter,A New student came to our,A Day at the Beach,How to Build a Robot,A New student came to our,Literal,1,False,0,2
18,203,9,L2-3,What broke the kite string?,the wind,a bird,Tom,a tree,the wind,Literal,1,False,0,2
19,203,10,L2-3,Where did the kite fall?,into a tree,on the ground,into the water,on the roof,into a tree,Detail,1,False,0,2
20,203,11,L2-3,Which statement best summarizes this passage?,"It lists random, unrelated facts.",It tells a fantasy story about dragons.,It argues that homework should be banned.,It explains tom‚Äôs kite flew high in the sky..,It explains tom‚Äôs kite flew high in the sky..,Literal,1,False,0,2
21,203,12,L2-3,What did they do after fixing it?,flew it again,went home,sold it,painted it,flew it again,Sequence,1,False,0,2
22,204,13,L2-4,Which statement best summarizes this passage?,"It lists random, unrelated facts.",It tells a fantasy story about dragons.,It argues that homework should be banned.,It explains i woke up late this morning..,It explains i woke up late this morning..,Literal,1,False,0,2
23,204,14,L2-4,Who reminded the writer about the backpack?,Mom,Dad,Teacher,Friend,Mom,Detail,1,False,0,2
24,204,15,L2-4,What did the writer almost forget?,backpack,shoes,homework,jacket,backpack,Detail,1,False,0,2
25,204,16,L2-4,What is the author's main purpose in this passage?,To persuade readers to buy a product.,To entertain with a fantasy story.,To give step-by-step instructions for a craft.,To inform readers about a topic.,To inform readers about a topic.,Inference,1,False,0,2
26,205,17,L2-5,Who is Mrs. Lee?,neighbor,teacher,friend,aunt,neighbor,Literal,2,False,0,2
27,205,18,L2-5,Which statement best summarizes this passage?,"It lists random, unrelated facts.",It tells a fantasy story about dragons.,It argues that homework should be banned.,It explains mrs..,It explains mrs..,Literal,2,False,0,2
28,205,19,L2-5,What does the writer do when Mrs. Lee is away?,waters plants,feeds cats,picks apples,cleans house,waters plants,Detail,2,False,0,2
29,205,20,L2-5,How does Mrs. Lee feel about the writer?,happy,angry,sad,bored,happy,Inference,2,False,0,2
30,206,21,L2-6,Which statement best summarizes this passage?,"It lists random, unrelated facts.",It tells a fantasy story about dragons.,It argues that homework should be banned.,It explains there is a small library on our street..,It explains there is a small library on our street..,Literal,1,False,0,2
31,206,22,L2-6,Which statement best summarizes this passage?,"It lists random, unrelated facts.",It tells a fantasy story about dragons.,It argues that homework should be banned.,It explains there is a small library on our street..,It explains there is a small library on our street..,Literal,1,False,0,2
32,206,23,L2-6,Which statement best summarizes this passage?,"It lists random, unrelated facts.",It tells a fantasy story about dragons.,It argues that homework should be banned.,It explains there is a small library on our street..,It explains there is a small library on our street..,Literal,1,False,0,2
33,206,24,L2-6,Which statement best summarizes this passage?,"It lists random, unrelated facts.",It tells a fantasy story about dragons.,It argues that homework should be banned.,It explains there is a small library on our street..,It explains there is a small library on our street..,Literal,1,False,0,2
34,207,25,L2-7,Which statement best summarizes this passage?,It argues that homework should be banned.,"It explains our cat, ginger, was missing one night..","It lists random, unrelated facts.",It tells a fantasy story about dragons.,"It explains our cat, ginger, was missing one night..",Literal,1,False,0,2
35,207,26,L2-7,Which statement best summarizes this passage?,It argues that homework should be banned.,"It explains our cat, ginger, was missing one night..","It lists random, unrelated facts.",It tells a fantasy story about dragons.,"It explains our cat, ginger, was missing one night..",Literal,1,False,0,2
36,207,27,L2-7,Which statement best summarizes this passage?,It argues that homework should be banned.,"It explains our cat, ginger, was missing one night..","It lists random, unrelated facts.",It tells a fantasy story about dragons.,"It explains our cat, ginger, was missing one night..",Literal,1,False,0,2
37,207,28,L2-7,Which statement best summarizes this passage?,It argues that homework should be banned.,"It explains our cat, ginger, was missing one night..","It lists random, unrelated facts.",It tells a fantasy story about dragons.,"It explains our cat, ginger, was missing one night..",Literal,1,False,0,2
38,208,29,L2-8,Which statement best summarizes this passage?,It tells a fantasy story about dragons.,It argues that homework should be banned.,It explains our class planted seeds in the school garden..,"It lists random, unrelated facts.",It explains our class planted seeds in the school garden..,Literal,1,False,0,2
39,208,30,L2-8,Which statement best summarizes this passage?,It tells a fantasy story about dragons.,It argues that homework should be banned.,It explains our class planted seeds in the school garden..,"It lists random, unrelated facts.",It explains our class planted seeds in the school garden..,Literal,1,False,0,2
40,208,31,L2-8,Which statement best summarizes this passage?,It tells a fantasy story about dragons.,It argues that homework should be banned.,It explains our class planted seeds in the school garden..,"It lists random, unrelated facts.",It explains our class planted seeds in the school garden..,Literal,1,False,0,2
41,208,32,L2-8,Which statement best summarizes this passage?,It tells a fantasy story about dragons.,It argues that homework should be banned.,It explains our class planted seeds in the school garden..,"It lists random, unrelated facts.",It explains our class planted seeds in the school garden..,Literal,1,False,0,2
42,209,33,L2-9,Which statement best summarizes this passage?,"It explains it rained all day, but i still wanted to go.","It lists random, unrelated facts.",It tells a fantasy story about dragons.,It argues that homework should be banned.,"It explains it rained all day, but i still wanted to go.",Literal,1,False,0,2
43,209,34,L2-9,Which statement best summarizes this passage?,"It explains it rained all day, but i still wanted to go.","It lists random, unrelated facts.",It tells a fantasy story about dragons.,It argues that homework should be banned.,"It explains it rained all day, but i still wanted to go.",Literal,1,False,0,2
44,209,35,L2-9,Which statement best summarizes this passage?,"It explains it rained all day, but i still wanted to go.","It lists random, unrelated facts.",It tells a fantasy story about dragons.,It argues that homework should be banned.,"It explains it rained all day, but i still wanted to go.",Literal,1,False,0,2
45,209,36,L2-9,Which statement best summarizes this passage?,"It explains it rained all day, but i still wanted to go.","It lists random, unrelated facts.",It tells a fantasy story about dragons.,It argues that homework should be banned.,"It explains it rained all day, but i still wanted to go.",Literal,1,False,0,2
46,210,37,L2-10,Which statement best summarizes this passage?,It explains i found a small box near the playground..,"It lists random, unrelated facts.",It tells a fantasy story about dragons.,It argues that homework should be banned.,It explains i found a small box near the playground..,Literal,1,False,0,2
47,210,38,L2-10,Which statement best summarizes this passage?,It explains i found a small box near the playground..,"It lists random, unrelated facts.",It tells a fantasy story about dragons.,It argues that homework should be banned.,It explains i found a small box near the playground..,Literal,1,False,0,2
48,210,39,L2-10,Which statement best summarizes this passage?,It explains i found a small box near the playground..,"It lists random, unrelated facts.",It tells a fantasy story about dragons.,It argues that homework should be banned.,It explains i found a small box near the playground..,Literal,1,False,0,2
49,210,40,L2-10,Which statement best summarizes this passage?,It explains i found a small box near the playground..,"It lists random, unrelated facts.",It tells a fantasy story about dragons.,It argues that homework should be banned.,It explains i found a small box near the playground..,Literal,1,False,0,2
50,211,41,L2-11,Which statement best summarizes this passage?,"It explains every sunday, i visit grandma..","It lists random, unrelated facts.",It tells a fantasy story about dragons.,It argues that homework should be banned.,"It explains every sunday, i visit grandma..",Literal,1,False,0,2
51,211,42,L2-11,Which statement best summarizes this passage?,"It explains every sunday, i visit grandma..","It lists random, unrelated facts.",It tells a fantasy story about dragons.,It argues that homework should be banned.,"It explains every sunday, i visit grandma..",Literal,1,False,0,2
52,211,43,L2-11,Which statement best summarizes this passage?,"It explains every sunday, i visit grandma..","It lists random, unrelated facts.",It tells a fantasy story about dragons.,It argues that homework should be banned.,"It explains every sunday, i visit grandma..",Literal,1,False,0,2
53,211,44,L2-11,Which statement best summarizes this passage?,"It explains every sunday, i visit grandma..","It lists random, unrelated facts.",It tells a fantasy story about dragons.,It argues that homework should be banned.,"It explains every sunday, i visit grandma..",Literal,1,False,0,2
54,212,45,L2-12,Which statement best summarizes this passage?,It argues that homework should be banned.,"It explains one night, i heard a sound outside my window..","It lists random, unrelated facts.",It tells a fantasy story about dragons.,"It explains one night, i heard a sound outside my window..",Literal,1,False,0,2
55,212,46,L2-12,Which statement best summarizes this passage?,It argues that homework should be banned.,"It explains one night, i heard a sound outside my window..","It lists random, unrelated facts.",It tells a fantasy story about dragons.,"It explains one night, i heard a sound outside my window..",Literal,1,False,0,2
56,212,47,L2-12,Which statement best summarizes this passage?,It argues that homework should be banned.,"It explains one night, i heard a sound outside my window..","It lists random, unrelated facts.",It tells a fantasy story about dragons.,"It explains one night, i heard a sound outside my window..",Literal,1,False,0,2
57,212,48,L2-12,Which statement best summarizes this passage?,It argues that homework should be banned.,"It explains one night, i heard a sound outside my window..","It lists random, unrelated facts.",It tells a fantasy story about dragons.,"It explains one night, i heard a sound outside my window..",Literal,1,False,0,2
58,213,49,L2-13,Which statement best summarizes this passage?,It argues that homework should be banned.,It explains how our class ran a recycling project.,"It lists random, unrelated facts.",It tells a fantasy story about dragons.,It explains how our class ran a recycling project.,Literal,1,False,0,2
59,213,50,L2-13,Which statement best summarizes this passage?,It argues that homework should be banned.,It explains how our class ran a recycling project.,"It lists random, unrelated facts.",It tells a fantasy story about dragons.,It explains how our class ran a recycling project.,Literal,1,False,0,2
60,301,1,L3-1,What is the best title for this passage?,How to Build a Robot,Why Rules Matter,Mina And Alex worked hard on,A Day at the Beach,Mina And Alex worked hard on,Literal,1,False,0,3
61,301,2,L3-1,Which statement best summarizes this passage?,It tells a fantasy story about dragons.,It argues that homework should be banned.,It explains mina and alex worked hard on their science project..,"It lists random, unrelated facts.",It explains mina and alex worked hard on their science project..,Literal,1,False,0,3
62,301,3,L3-1,What is the best title for this passage?,How to Build a Robot,Why Rules Matter,Mina And Alex worked hard on,A Day at the Beach,Mina And Alex worked hard on,Literal,1,False,0,3
63,301,4,L3-1,What is the best title for this passage?,How to Build a Robot,Why Rules Matter,Mina And Alex worked hard on,A Day at the Beach,Mina And Alex worked hard on,Vocabulary,1,False,0,3
64,301,5,L3-1,What is the author's main purpose in this passage?,To entertain with a fantasy story.,To give step-by-step instructions for a craft.,To inform readers about a topic.,To persuade readers to buy a product.,To inform readers about a topic.,Inference,1,False,0,3
65,401,1,L4-1,Which statement best summarizes this passage?,It tells a fantasy story about dragons.,It argues that homework should be banned.,"It explains ben sat at the lunch table, staring at the yellow.","It lists random, unrelated facts.","It explains ben sat at the lunch table, staring at the yellow.",Literal,1,False,0,4
66,401,2,L4-1,What important decision does the main character make?,to help someone,to hide the truth,to skip homework,to travel,to help someone,Detail,1,False,0,4
67,401,3,L4-1,What does the word 'bright' most likely mean in this story?,full of light,angry,quiet,fast,full of light,Vocabulary,1,False,0,4
68,401,4,L4-1,What is the author's main purpose in this passage?,To give step-by-step instructions for a craft.,To inform readers about a topic.,To persuade readers to buy a product.,To entertain with a fantasy story.,To inform readers about a topic.,Inference,1,False,0,4
69,401,5,L4-1,What is the main lesson or theme of the story?,honesty,teamwork,kindness,bravery,kindness,Theme,1,False,0,4
70,501,1,L5-1,Where does most of the story 'The Promise at the River' take place?,at school,by the river,inside a house,in a city square,by the river,Literal,1,False,0,5
71,501,2,L5-1,What decision changes the main character‚Äôs path in 'The Promise at the River'?,to help another person,to run away,to hide the truth,to give up,to help another person,Detail,1,False,0,5
72,501,3,L5-1,"In 'The Promise at the River', what does a repeated image or object (such as 'light', 'river', or 'bridge') symbolize?",hope and renewal,anger and fear,sadness and regret,wealth and power,hope and renewal,Vocabulary,1,False,0,5
73,501,4,L5-1,Why does the main character act differently near the end of 'The Promise at the River'?,they understand a deeper truth,they are punished,they are afraid,they forget their goal,they understand a deeper truth,Inference,1,False,0,5
74,501,5,L5-1,What is the central theme of 'The Promise at the River'?,courage and empathy,luck and chance,competition and victory,mystery and fear,courage and empathy,Theme,1,False,0,5
75,501,6,L5-1,How does the author make the ending of 'The Promise at the River' powerful?,by using vivid imagery and reflection,by adding a surprise villain,by changing the narrator,by ending in a joke,by using vivid imagery and reflection,Evaluation,1,False,0,5
76,502,7,L5-2,Where does most of the story 'The Secret Notebook' take place?,at school,by the river,inside a house,in a city square,by the river,Literal,1,False,0,5
77,502,8,L5-2,Which statement best summarizes this passage?,"It lists random, unrelated facts.",It tells a fantasy story about dragons.,It argues that homework should be banned.,"It explains when leena√µs grandfather passed away, the house felt full of.","It explains when leena√µs grandfather passed away, the house felt full of.",Literal,1,False,0,5
78,502,9,L5-2,What is the best title for this passage?,Why Rules Matter,"When Leena√ïs Grandfather passed away, the",A Day at the Beach,How to Build a Robot,"When Leena√ïs Grandfather passed away, the",Vocabulary,1,False,0,5
79,502,10,L5-2,What is the author's main purpose in this passage?,To give step-by-step instructions for a craft.,To inform readers about a topic.,To persuade readers to buy a product.,To entertain with a fantasy story.,To inform readers about a topic.,Inference,1,False,0,5
80,502,11,L5-2,What is the best title for this passage?,Why Rules Matter,"When Leena√ïs Grandfather passed away, the",A Day at the Beach,How to Build a Robot,"When Leena√ïs Grandfather passed away, the",Literal,1,False,0,5
81,502,12,L5-2,What is the best title for this passage?,Why Rules Matter,"When Leena√ïs Grandfather passed away, the",A Day at the Beach,How to Build a Robot,"When Leena√ïs Grandfather passed away, the",Literal,1,False,0,5
82,503,13,L5-3,Where does most of the story 'The Music Box' take place?,at school,by the river,inside a house,in a city square,by the river,Literal,1,False,0,5
83,503,14,L5-3,What decision changes the main character‚Äôs path in 'The Music Box'?,to help another person,to run away,to hide the truth,to give up,to help another person,Detail,1,False,0,5
84,503,15,L5-3,"In 'The Music Box', what does a repeated image or object (such as 'light', 'river', or 'bridge') symbolize?",hope and renewal,anger and fear,sadness and regret,wealth and power,hope and renewal,Vocabulary,1,False,0,5
85,503,16,L5-3,Why does the main character act differently near the end of 'The Music Box'?,they understand a deeper truth,they are punished,they are afraid,they forget their goal,they understand a deeper truth,Inference,1,False,0,5
86,503,17,L5-3,What is the central theme of 'The Music Box'?,courage and empathy,luck and chance,competition and victory,mystery and fear,courage and empathy,Theme,1,False,0,5
87,503,18,L5-3,How does the author make the ending of 'The Music Box' powerful?,by using vivid imagery and reflection,by adding a surprise villain,by changing the narrator,by ending in a joke,by using vivid imagery and reflection,Evaluation,1,False,0,5
88,504,19,L5-4,Where does most of the story 'The Bridge at East Gate' take place?,at school,by the river,inside a house,in a city square,by the river,Literal,2,False,0,5
89,504,20,L5-4,What decision changes the main character‚Äôs path in 'The Bridge at East Gate'?,to help another person,to run away,to hide the truth,to give up,to help another person,Detail,2,False,0,5
90,504,21,L5-4,"In 'The Bridge at East Gate', what does a repeated image or object (such as 'light', 'river', or 'bridge') symbolize?",hope and renewal,anger and fear,sadness and regret,wealth and power,hope and renewal,Vocabulary,2,False,0,5
91,504,22,L5-4,Why does the main character act differently near the end of 'The Bridge at East Gate'?,they understand a deeper truth,they are punished,they are afraid,they forget their goal,they understand a deeper truth,Inference,2,False,0,5
92,504,23,L5-4,What is the central theme of 'The Bridge at East Gate'?,courage and empathy,luck and chance,competition and victory,mystery and fear,courage and empathy,Theme,2,False,0,5
93,504,24,L5-4,How does the author make the ending of 'The Bridge at East Gate' powerful?,by using vivid imagery and reflection,by adding a surprise villain,by changing the narrator,by ending in a joke,by using vivid imagery and reflection,Evaluation,2,False,0,5
94,505,25,L5-5,Where does most of the story 'The Protest Tree' take place?,at school,by the river,inside a house,in a city square,by the river,Literal,2,False,0,5
95,505,26,L5-5,What decision changes the main character‚Äôs path in 'The Protest Tree'?,to help another person,to run away,to hide the truth,to give up,to help another person,Detail,2,False,0,5
96,505,27,L5-5,"In 'The Protest Tree', what does a repeated image or object (such as 'light', 'river', or 'bridge') symbolize?",hope and renewal,anger and fear,sadness and regret,wealth and power,hope and renewal,Vocabulary,2,False,0,5
97,505,28,L5-5,Why does the main character act differently near the end of 'The Protest Tree'?,they understand a deeper truth,they are punished,they are afraid,they forget their goal,they understand a deeper truth,Inference,2,False,0,5
98,505,29,L5-5,What is the central theme of 'The Protest Tree'?,courage and empathy,luck and chance,competition and victory,mystery and fear,courage and empathy,Theme,2,False,0,5
99,505,30,L5-5,What is the best title for this passage?,How to Build a Robot,Why Rules Matter,"In The summer of 1963, the",A Day at the Beach,"In The summer of 1963, the",Literal,2,False,0,5
100,506,31,L5-6,Where does most of the story 'The Tunnel Light' take place?,at school,by the river,inside a house,in a city square,by the river,Literal,3,False,0,5
101,506,32,L5-6,What decision changes the main character‚Äôs path in 'The Tunnel Light'?,to help another person,to run away,to hide the truth,to give up,to help another person,Detail,3,False,0,5
102,506,33,L5-6,"In 'The Tunnel Light', what does a repeated image or object (such as 'light', 'river', or 'bridge') symbolize?",hope and renewal,anger and fear,sadness and regret,wealth and power,hope and renewal,Vocabulary,3,False,0,5
103,506,34,L5-6,What is the author's main purpose in this passage?,To persuade readers to buy a product.,To entertain with a fantasy story.,To give step-by-step instructions for a craft.,To inform readers about a topic.,To inform readers about a topic.,Inference,3,False,0,5
104,506,35,L5-6,What is the central theme of 'The Tunnel Light'?,courage and empathy,luck and chance,competition and victory,mystery and fear,courage and empathy,Theme,3,False,0,5
105,506,36,L5-6,What is the best title for this passage?,Why Rules Matter,The Engineers said the city still,A Day at the Beach,How to Build a Robot,The Engineers said the city still,Literal,3,False,0,5
106,507,37,L5-7,Where does most of the story 'The Letter from Winter Hill' take place?,at school,by the river,inside a house,in a city square,by the river,Literal,3,False,0,5
107,507,38,L5-7,What decision changes the main character‚Äôs path in 'The Letter from Winter Hill'?,to help another person,to run away,to hide the truth,to give up,to help another person,Detail,3,False,0,5
108,507,39,L5-7,"In 'The Letter from Winter Hill', what does a repeated image or object (such as 'light', 'river', or 'bridge') symbolize?",hope and renewal,anger and fear,sadness and regret,wealth and power,hope and renewal,Vocabulary,3,False,0,5
109,507,40,L5-7,Why does the main character act differently near the end of 'The Letter from Winter Hill'?,they understand a deeper truth,they are punished,they are afraid,they forget their goal,they understand a deeper truth,Inference,3,False,0,5
110,507,41,L5-7,What is the central theme of 'The Letter from Winter Hill'?,courage and empathy,luck and chance,competition and victory,mystery and fear,courage and empathy,Theme,3,False,0,5
111,507,42,L5-7,How does the author make the ending of 'The Letter from Winter Hill' powerful?,by using vivid imagery and reflection,by adding a surprise villain,by changing the narrator,by ending in a joke,by using vivid imagery and reflection,Evaluation,3,False,0,5
112,508,43,L5-8,Where does most of the story 'The Stone Lantern' take place?,at school,by the river,inside a house,in a city square,by the river,Literal,3,False,0,5
113,508,44,L5-8,What decision changes the main character‚Äôs path in 'The Stone Lantern'?,to help another person,to run away,to hide the truth,to give up,to help another person,Detail,3,False,0,5
114,508,45,L5-8,"In 'The Stone Lantern', what does a repeated image or object (such as 'light', 'river', or 'bridge') symbolize?",hope and renewal,anger and fear,sadness and regret,wealth and power,hope and renewal,Vocabulary,3,False,0,5
115,508,46,L5-8,Why does the main character act differently near the end of 'The Stone Lantern'?,they understand a deeper truth,they are punished,they are afraid,they forget their goal,they understand a deeper truth,Inference,3,False,0,5
116,508,47,L5-8,What is the central theme of 'The Stone Lantern'?,courage and empathy,luck and chance,competition and victory,mystery and fear,courage and empathy,Theme,3,False,0,5
117,508,48,L5-8,How does the author make the ending of 'The Stone Lantern' powerful?,by using vivid imagery and reflection,by adding a surprise villain,by changing the narrator,by ending in a joke,by using vivid imagery and reflection,Evaluation,3,False,0,5
118,509,49,L5-9,Where does most of the story 'The Signal Tower' take place?,at school,by the river,inside a house,in a city square,by the river,Literal,3,False,0,5
119,509,50,L5-9,What decision changes the main character‚Äôs path in 'The Signal Tower'?,to help another person,to run away,to hide the truth,to give up,to help another person,Detail,3,False,0,5
120,509,51,L5-9,"In 'The Signal Tower', what does a repeated image or object (such as 'light', 'river', or 'bridge') symbolize?",hope and renewal,anger and fear,sadness and regret,wealth and power,hope and renewal,Vocabulary,3,False,0,5
121,509,52,L5-9,Why does the main character act differently near the end of 'The Signal Tower'?,they understand a deeper truth,they are punished,they are afraid,they forget their goal,they understand a deeper truth,Inference,3,False,0,5
122,509,53,L5-9,What is the central theme of 'The Signal Tower'?,courage and empathy,luck and chance,competition and victory,mystery and fear,courage and empathy,Theme,3,False,0,5
123,509,54,L5-9,How does the author make the ending of 'The Signal Tower' powerful?,by using vivid imagery and reflection,by adding a surprise villain,by changing the narrator,by ending in a joke,by using vivid imagery and reflection,Evaluation,3,False,0,5
124,510,55,L5-10,Where does most of the story 'The Invisible Line' take place?,at school,by the river,inside a house,in a city square,by the river,Literal,2,False,0,5
125,510,56,L5-10,What decision changes the main character‚Äôs path in 'The Invisible Line'?,to help another person,to run away,to hide the truth,to give up,to help another person,Detail,2,False,0,5
126,510,57,L5-10,"In 'The Invisible Line', what does a repeated image or object (such as 'light', 'river', or 'bridge') symbolize?",hope and renewal,anger and fear,sadness and regret,wealth and power,hope and renewal,Vocabulary,2,False,0,5
127,510,58,L5-10,Why does the main character act differently near the end of 'The Invisible Line'?,they understand a deeper truth,they are punished,they are afraid,they forget their goal,they understand a deeper truth,Inference,2,False,0,5
128,510,59,L5-10,What is the central theme of 'The Invisible Line'?,courage and empathy,luck and chance,competition and victory,mystery and fear,courage and empathy,Theme,2,False,0,5
129,510,60,L5-10,How does the author make the ending of 'The Invisible Line' powerful?,by using vivid imagery and reflection,by adding a surprise villain,by changing the narrator,by ending in a joke,by using vivid imagery and reflection,Evaluation,2,False,0,5
130,511,61,L5-11,Where does most of the story 'The Debate Club' take place?,at school,by the river,inside a house,in a city square,by the river,Literal,2,False,0,5
131,511,62,L5-11,What decision changes the main character‚Äôs path in 'The Debate Club'?,to help another person,to run away,to hide the truth,to give up,to help another person,Detail,2,False,0,5
132,511,63,L5-11,"In 'The Debate Club', what does a repeated image or object (such as 'light', 'river', or 'bridge') symbolize?",hope and renewal,anger and fear,sadness and regret,wealth and power,hope and renewal,Vocabulary,2,False,0,5
133,511,64,L5-11,Why does the main character act differently near the end of 'The Debate Club'?,they understand a deeper truth,they are punished,they are afraid,they forget their goal,they understand a deeper truth,Inference,2,False,0,5
134,511,65,L5-11,What is the central theme of 'The Debate Club'?,courage and empathy,luck and chance,competition and victory,mystery and fear,courage and empathy,Theme,2,False,0,5
135,511,66,L5-11,How does the author make the ending of 'The Debate Club' powerful?,by using vivid imagery and reflection,by adding a surprise villain,by changing the narrator,by ending in a joke,by using vivid imagery and reflection,Evaluation,2,False,0,5
136,512,67,L5-12,Where does most of the story 'The Late Swimmer' take place?,at school,by the river,inside a house,in a city square,by the river,Literal,1,False,0,5
137,512,68,L5-12,What decision changes the main character‚Äôs path in 'The Late Swimmer'?,to help another person,to run away,to hide the truth,to give up,to help another person,Detail,1,False,0,5
138,512,69,L5-12,"In 'The Late Swimmer', what does a repeated image or object (such as 'light', 'river', or 'bridge') symbolize?",hope and renewal,anger and fear,sadness and regret,wealth and power,hope and renewal,Vocabulary,1,False,0,5
139,512,70,L5-12,Why does the main character act differently near the end of 'The Late Swimmer'?,they understand a deeper truth,they are punished,they are afraid,they forget their goal,they understand a deeper truth,Inference,1,False,0,5
140,512,71,L5-12,What is the central theme of 'The Late Swimmer'?,courage and empathy,luck and chance,competition and victory,mystery and fear,courage and empathy,Theme,1,False,0,5
141,512,72,L5-12,How does the author make the ending of 'The Late Swimmer' powerful?,by using vivid imagery and reflection,by adding a surprise villain,by changing the narrator,by ending in a joke,by using vivid imagery and reflection,Evaluation,1,False,0,5
142,601,1,L6-1,Which statement best summarizes this passage?,"It explains the dust fields stretched to the horizon, brown waves under.","It lists random, unrelated facts.",It tells a fantasy story about dragons.,It argues that homework should be banned.,"It explains the dust fields stretched to the horizon, brown waves under.",Literal,1,False,0,6
143,601,2,L6-1,Which statement best summarizes this passage?,"It explains the dust fields stretched to the horizon, brown waves under.","It lists random, unrelated facts.",It tells a fantasy story about dragons.,It argues that homework should be banned.,"It explains the dust fields stretched to the horizon, brown waves under.",Literal,1,False,0,6
144,601,3,L6-1,"In 'The Harvest Debt', what does a repeated image or object symbolize?",hope,fear,confusion,wealth,hope,Vocabulary,1,False,0,6
145,601,4,L6-1,Why does the main character act differently near the end of 'The Harvest Debt'?,they realize a truth,they are forced,they win a prize,they run away,they realize a truth,Inference,1,False,0,6
146,601,5,L6-1,What is the best title for this passage?,A Day at the Beach,How to Build a Robot,Why Rules Matter,The Dust fields stretched to the,The Dust fields stretched to the,Literal,1,False,0,6
147,601,6,L6-1,How does the author make the ending of 'The Harvest Debt' powerful?,by using imagery and reflection,by adding a twist,by introducing a new character,by ending in a question,by using imagery and reflection,Evaluation,1,False,0,6
148,602,7,L6-2,What is the main setting of 'The Bridge Shift'?,a river valley,a city,a house,a tower,a city,Literal,1,False,0,6
149,602,8,L6-2,What action changes the direction of events in 'The Bridge Shift'?,a brave decision,an accident,a lie told by a friend,a letter found,a brave decision,Detail,1,False,0,6
150,602,9,L6-2,"In 'The Bridge Shift', what does a repeated image or object symbolize?",hope,fear,confusion,wealth,hope,Vocabulary,1,False,0,6
151,602,10,L6-2,Why does the main character act differently near the end of 'The Bridge Shift'?,they realize a truth,they are forced,they win a prize,they run away,they realize a truth,Inference,1,False,0,6
152,602,11,L6-2,What is the central theme of 'The Bridge Shift'?,freedom and responsibility,luck and chance,technology and control,friendship and humor,freedom and responsibility,Theme,1,False,0,6
153,602,12,L6-2,How does the author make the ending of 'The Bridge Shift' powerful?,by using imagery and reflection,by adding a twist,by introducing a new character,by ending in a question,by using imagery and reflection,Evaluation,1,False,0,6
154,603,13,L6-3,What is the main setting of 'The Last Contract'?,a river valley,a city,a house,a tower,a city,Literal,1,False,0,6
155,603,14,L6-3,What action changes the direction of events in 'The Last Contract'?,a brave decision,an accident,a lie told by a friend,a letter found,a brave decision,Detail,1,False,0,6
156,603,15,L6-3,"In 'The Last Contract', what does a repeated image or object symbolize?",hope,fear,confusion,wealth,hope,Vocabulary,1,False,0,6
157,603,16,L6-3,Why does the main character act differently near the end of 'The Last Contract'?,they realize a truth,they are forced,they win a prize,they run away,they realize a truth,Inference,1,False,0,6
158,603,17,L6-3,What is the central theme of 'The Last Contract'?,freedom and responsibility,luck and chance,technology and control,friendship and humor,freedom and responsibility,Theme,1,False,0,6
159,603,18,L6-3,How does the author make the ending of 'The Last Contract' powerful?,by using imagery and reflection,by adding a twist,by introducing a new character,by ending in a question,by using imagery and reflection,Evaluation,1,False,0,6
160,604,19,L6-4,What is the main setting of 'The Cage Keeper'?,a river valley,a city,a house,a tower,a city,Literal,1,False,0,6
161,604,20,L6-4,What action changes the direction of events in 'The Cage Keeper'?,a brave decision,an accident,a lie told by a friend,a letter found,a brave decision,Detail,1,False,0,6
162,604,21,L6-4,"In 'The Cage Keeper', what does a repeated image or object symbolize?",hope,fear,confusion,wealth,hope,Vocabulary,1,False,0,6
163,604,22,L6-4,Why does the main character act differently near the end of 'The Cage Keeper'?,they realize a truth,they are forced,they win a prize,they run away,they realize a truth,Inference,1,False,0,6
164,604,23,L6-4,What is the central theme of 'The Cage Keeper'?,freedom and responsibility,luck and chance,technology and control,friendship and humor,freedom and responsibility,Theme,1,False,0,6
165,604,24,L6-4,How does the author make the ending of 'The Cage Keeper' powerful?,by using imagery and reflection,by adding a twist,by introducing a new character,by ending in a question,by using imagery and reflection,Evaluation,1,False,0,6
166,605,25,L6-5,What is the main setting of 'The Night Market of Hours'?,a river valley,a city,a house,a tower,a city,Literal,2,False,0,6
167,605,26,L6-5,What action changes the direction of events in 'The Night Market of Hours'?,a brave decision,an accident,a lie told by a friend,a letter found,a brave decision,Detail,2,False,0,6
168,605,27,L6-5,"In 'The Night Market of Hours', what does a repeated image or object symbolize?",hope,fear,confusion,wealth,hope,Vocabulary,2,False,0,6
169,605,28,L6-5,Why does the main character act differently near the end of 'The Night Market of Hours'?,they realize a truth,they are forced,they win a prize,they run away,they realize a truth,Inference,2,False,0,6
170,605,29,L6-5,What is the central theme of 'The Night Market of Hours'?,freedom and responsibility,luck and chance,technology and control,friendship and humor,freedom and responsibility,Theme,2,False,0,6
171,605,30,L6-5,How does the author make the ending of 'The Night Market of Hours' powerful?,by using imagery and reflection,by adding a twist,by introducing a new character,by ending in a question,by using imagery and reflection,Evaluation,2,False,0,6
172,606,31,L6-6,What is the main setting of 'The Archivist of Endings'?,a river valley,a city,a house,a tower,a city,Literal,2,False,0,6
173,606,32,L6-6,What action changes the direction of events in 'The Archivist of Endings'?,a brave decision,an accident,a lie told by a friend,a letter found,a brave decision,Detail,2,False,0,6
174,606,33,L6-6,"In 'The Archivist of Endings', what does a repeated image or object symbolize?",hope,fear,confusion,wealth,hope,Vocabulary,2,False,0,6
175,606,34,L6-6,Why does the main character act differently near the end of 'The Archivist of Endings'?,they realize a truth,they are forced,they win a prize,they run away,they realize a truth,Inference,2,False,0,6
176,606,35,L6-6,What is the central theme of 'The Archivist of Endings'?,freedom and responsibility,luck and chance,technology and control,friendship and humor,freedom and responsibility,Theme,2,False,0,6
177,606,36,L6-6,How does the author make the ending of 'The Archivist of Endings' powerful?,by using imagery and reflection,by adding a twist,by introducing a new character,by ending in a question,by using imagery and reflection,Evaluation,2,False,0,6
178,607,37,L6-7,What is the main setting of 'The Immortal on the Bench'?,a river valley,a city,a house,a tower,a city,Literal,2,False,0,6
179,607,38,L6-7,What action changes the direction of events in 'The Immortal on the Bench'?,a brave decision,an accident,a lie told by a friend,a letter found,a brave decision,Detail,2,False,0,6
180,607,39,L6-7,"In 'The Immortal on the Bench', what does a repeated image or object symbolize?",hope,fear,confusion,wealth,hope,Vocabulary,2,False,0,6
181,607,40,L6-7,Why does the main character act differently near the end of 'The Immortal on the Bench'?,they realize a truth,they are forced,they win a prize,they run away,they realize a truth,Inference,2,False,0,6
182,607,41,L6-7,What is the central theme of 'The Immortal on the Bench'?,freedom and responsibility,luck and chance,technology and control,friendship and humor,freedom and responsibility,Theme,2,False,0,6
183,607,42,L6-7,How does the author make the ending of 'The Immortal on the Bench' powerful?,by using imagery and reflection,by adding a twist,by introducing a new character,by ending in a question,by using imagery and reflection,Evaluation,2,False,0,6
184,608,43,L6-8,What is the main setting of 'The House That Refused to End'?,a river valley,a city,a house,a tower,a city,Literal,2,False,0,6
185,608,44,L6-8,What action changes the direction of events in 'The House That Refused to End'?,a brave decision,an accident,a lie told by a friend,a letter found,a brave decision,Detail,2,False,0,6
186,608,45,L6-8,"In 'The House That Refused to End', what does a repeated image or object symbolize?",hope,fear,confusion,wealth,hope,Vocabulary,2,False,0,6
187,608,46,L6-8,Why does the main character act differently near the end of 'The House That Refused to End'?,they realize a truth,they are forced,they win a prize,they run away,they realize a truth,Inference,2,False,0,6
188,608,47,L6-8,What is the central theme of 'The House That Refused to End'?,freedom and responsibility,luck and chance,technology and control,friendship and humor,freedom and responsibility,Theme,2,False,0,6
189,608,48,L6-8,How does the author make the ending of 'The House That Refused to End' powerful?,by using imagery and reflection,by adding a twist,by introducing a new character,by ending in a question,by using imagery and reflection,Evaluation,2,False,0,6
190,609,49,L6-9,What is the main setting of 'The Glass City'?,a river valley,a city,a house,a tower,a city,Literal,3,False,0,6
191,609,50,L6-9,What action changes the direction of events in 'The Glass City'?,a brave decision,an accident,a lie told by a friend,a letter found,a brave decision,Detail,3,False,0,6
192,609,51,L6-9,"In 'The Glass City', what does a repeated image or object symbolize?",hope,fear,confusion,wealth,hope,Vocabulary,3,False,0,6
193,609,52,L6-9,Why does the main character act differently near the end of 'The Glass City'?,they realize a truth,they are forced,they win a prize,they run away,they realize a truth,Inference,3,False,0,6
194,609,53,L6-9,What is the central theme of 'The Glass City'?,freedom and responsibility,luck and chance,technology and control,friendship and humor,freedom and responsibility,Theme,3,False,0,6
195,609,54,L6-9,How does the author make the ending of 'The Glass City' powerful?,by using imagery and reflection,by adding a twist,by introducing a new character,by ending in a question,by using imagery and reflection,Evaluation,3,False,0,6
196,610,55,L6-10,What is the main setting of 'The Paper Rebellion'?,a river valley,a city,a house,a tower,a city,Literal,3,False,0,6
197,610,56,L6-10,What action changes the direction of events in 'The Paper Rebellion'?,a brave decision,an accident,a lie told by a friend,a letter found,a brave decision,Detail,3,False,0,6
198,610,57,L6-10,"In 'The Paper Rebellion', what does a repeated image or object symbolize?",hope,fear,confusion,wealth,hope,Vocabulary,3,False,0,6
199,610,58,L6-10,Why does the main character act differently near the end of 'The Paper Rebellion'?,they realize a truth,they are forced,they win a prize,they run away,they realize a truth,Inference,3,False,0,6
200,610,59,L6-10,What is the central theme of 'The Paper Rebellion'?,freedom and responsibility,luck and chance,technology and control,friendship and humor,freedom and responsibility,Theme,3,False,0,6
201,610,60,L6-10,How does the author make the ending of 'The Paper Rebellion' powerful?,by using imagery and reflection,by adding a twist,by introducing a new character,by ending in a question,by using imagery and reflection,Evaluation,3,False,0,6
202,611,61,L6-11,What is the main setting of 'The Algorithm‚Äôs Garden'?,a river valley,a city,a house,a tower,a city,Literal,3,False,0,6
203,611,62,L6-11,Which statement best summarizes this passage?,"It explains when the machines began planting trees, humans applauded..","It lists random, unrelated facts.",It tells a fantasy story about dragons.,It argues that homework should be banned.,"It explains when the machines began planting trees, humans applauded..",Literal,3,False,0,6
204,611,63,L6-11,"In 'The Algorithm‚Äôs Garden', what does a repeated image or object symbolize?",hope,fear,confusion,wealth,hope,Vocabulary,3,False,0,6
205,611,64,L6-11,Why does the main character act differently near the end of 'The Algorithm‚Äôs Garden'?,they realize a truth,they are forced,they win a prize,they run away,they realize a truth,Inference,3,False,0,6
206,611,65,L6-11,What is the best title for this passage?,How to Build a Robot,Why Rules Matter,"When The machines began planting trees,",A Day at the Beach,"When The machines began planting trees,",Literal,3,False,0,6
207,611,66,L6-11,How does the author make the ending of 'The Algorithm‚Äôs Garden' powerful?,by using imagery and reflection,by adding a twist,by introducing a new character,by ending in a question,by using imagery and reflection,Evaluation,3,False,0,6
208,612,67,L6-12,What is the main setting of 'The Tower of Silence'?,a river valley,a city,a house,a tower,a city,Literal,3,False,0,6
209,612,68,L6-12,What action changes the direction of events in 'The Tower of Silence'?,a brave decision,an accident,a lie told by a friend,a letter found,a brave decision,Detail,3,False,0,6
210,612,69,L6-12,"In 'The Tower of Silence', what does a repeated image or object symbolize?",hope,fear,confusion,wealth,hope,Vocabulary,3,False,0,6
211,612,70,L6-12,Why does the main character act differently near the end of 'The Tower of Silence'?,they realize a truth,they are forced,they win a prize,they run away,they realize a truth,Inference,3,False,0,6
212,612,71,L6-12,What is the central theme of 'The Tower of Silence'?,freedom and responsibility,luck and chance,technology and control,friendship and humor,freedom and responsibility,Theme,3,False,0,6
213,612,72,L6-12,How does the author make the ending of 'The Tower of Silence' powerful?,by using imagery and reflection,by adding a twist,by introducing a new character,by ending in a question,by using imagery and reflection,Evaluation,3,False,0,6
214,701,1,L7-1,What is the central idea of 'The Rest Note'?,The text explores balance between emotion and reason.,The text defends technological dominance.,The text argues for the end of tradition.,The text describes a personal failure.,The text explores balance between emotion and reason.,Central Idea,2,False,0,7
215,701,2,L7-1,Which detail best supports the main idea in 'The Rest Note'?,A quote illustrating moral balance,A statistical comparison of costs,A description of a building,A reference to an unrelated event,A quote illustrating moral balance,Evidence,2,False,0,7
216,701,3,L7-1,"In 'The Rest Note', the word 'reflection' most nearly means‚Äî",serious thought,mirror image,light bounce,criticism,serious thought,Vocabulary,2,False,0,7
217,701,4,L7-1,What can be inferred about the author‚Äôs tone in 'The Rest Note'?,balanced and contemplative,sarcastic and dismissive,joyful and nostalgic,coldly scientific,balanced and contemplative,Inference,2,False,0,7
218,701,5,L7-1,How does the author develop the main argument in 'The Rest Note'?,by contrasting ideals with outcomes,by listing statistics,by mocking opponents,by defining technical terms,by contrasting ideals with outcomes,Structure,2,False,0,7
219,701,6,L7-1,Which statement best describes the author‚Äôs purpose in 'The Rest Note'?,to examine human motivation through abstract analysis,to entertain through humor,to document historical data,to advocate for policy change,to examine human motivation through abstract analysis,Purpose,2,False,0,7
220,701,7,L7-1,What is the effect of the imagery used in 'The Rest Note'?,It deepens emotional impact,It distracts from key ideas,It clarifies technical processes,It adds humor,It deepens emotional impact,Style,2,False,0,7
221,701,8,L7-1,Which phrase from 'The Rest Note' best supports the answer to the previous question?,a line describing contrast or silence,a line about weather,a figure of speech unrelated to theme,a numerical fact,a line describing contrast or silence,Evidence,2,False,0,7
222,701,9,L7-1,"Based on 'The Rest Note', which assumption does the author challenge?",that progress is always positive,that emotion is superior to reason,that art is obsolete,that science is flawless,that progress is always positive,Inference,2,False,0,7
223,701,10,L7-1,What is the tone of the concluding paragraph in 'The Rest Note'?,resigned yet hopeful,angry and urgent,indifferent,sarcastic,resigned yet hopeful,Tone,2,False,0,7
224,701,11,L7-1,What rhetorical device is most evident in 'The Rest Note'?,contrast,metaphor,hyperbole,irony,metaphor,Rhetoric,2,False,0,7
225,701,12,L7-1,What evidence would most strengthen the author‚Äôs argument in 'The Rest Note'?,data illustrating long-term impact,an emotional anecdote,a list of names,a historical coincidence,data illustrating long-term impact,Synthesis,2,False,0,7
226,701,13,L7-1,Which choice best describes how paragraph 3 functions in 'The Rest Note'?,It transitions from example to interpretation,It provides comic relief,It shifts focus to unrelated data,It summarizes all prior claims,It transitions from example to interpretation,Function,2,False,0,7
227,701,14,L7-1,"According to 'The Rest Note', what broader principle can be drawn?","Ethical insight arises from reflection, not haste",Power inevitably corrupts systems,Beauty guarantees truth,Failure defines genius,"Ethical insight arises from reflection, not haste",Theme,2,False,0,7
228,701,15,L7-1,How does the author‚Äôs conclusion in 'The Rest Note' relate to the introduction?,It resolves initial tension by redefining success,It contradicts the original claim,It leaves the issue unanswered,It changes topic entirely,It resolves initial tension by redefining success,Evaluation,2,False,0,7
229,702,16,L7-2,"What is the central idea of 'The Republic of Letters, Revisited'?",The text explores balance between emotion and reason.,The text defends technological dominance.,The text argues for the end of tradition.,The text describes a personal failure.,The text explores balance between emotion and reason.,Central Idea,3,False,0,7
230,702,17,L7-2,"Which detail best supports the main idea in 'The Republic of Letters, Revisited'?",A quote illustrating moral balance,A statistical comparison of costs,A description of a building,A reference to an unrelated event,A quote illustrating moral balance,Evidence,3,False,0,7
231,702,18,L7-2,"In 'The Republic of Letters, Revisited', the word 'reflection' most nearly means‚Äî",serious thought,mirror image,light bounce,criticism,serious thought,Vocabulary,3,False,0,7
232,702,19,L7-2,"What can be inferred about the author‚Äôs tone in 'The Republic of Letters, Revisited'?",balanced and contemplative,sarcastic and dismissive,joyful and nostalgic,coldly scientific,balanced and contemplative,Inference,3,False,0,7
233,702,20,L7-2,"How does the author develop the main argument in 'The Republic of Letters, Revisited'?",by contrasting ideals with outcomes,by listing statistics,by mocking opponents,by defining technical terms,by contrasting ideals with outcomes,Structure,3,False,0,7
234,702,21,L7-2,"Which statement best describes the author‚Äôs purpose in 'The Republic of Letters, Revisited'?",to examine human motivation through abstract analysis,to entertain through humor,to document historical data,to advocate for policy change,to examine human motivation through abstract analysis,Purpose,3,False,0,7
235,702,22,L7-2,"What is the effect of the imagery used in 'The Republic of Letters, Revisited'?",It deepens emotional impact,It distracts from key ideas,It clarifies technical processes,It adds humor,It deepens emotional impact,Style,3,False,0,7
236,702,23,L7-2,"Which phrase from 'The Republic of Letters, Revisited' best supports the answer to the previous question?",a line describing contrast or silence,a line about weather,a figure of speech unrelated to theme,a numerical fact,a line describing contrast or silence,Evidence,3,False,0,7
237,702,24,L7-2,"Based on 'The Republic of Letters, Revisited', which assumption does the author challenge?",that progress is always positive,that emotion is superior to reason,that art is obsolete,that science is flawless,that progress is always positive,Inference,3,False,0,7
238,702,25,L7-2,"What is the tone of the concluding paragraph in 'The Republic of Letters, Revisited'?",resigned yet hopeful,angry and urgent,indifferent,sarcastic,resigned yet hopeful,Tone,3,False,0,7
239,702,26,L7-2,"What rhetorical device is most evident in 'The Republic of Letters, Revisited'?",contrast,metaphor,hyperbole,irony,metaphor,Rhetoric,3,False,0,7
240,702,27,L7-2,"What evidence would most strengthen the author‚Äôs argument in 'The Republic of Letters, Revisited'?",data illustrating long-term impact,an emotional anecdote,a list of names,a historical coincidence,data illustrating long-term impact,Synthesis,3,False,0,7
241,702,28,L7-2,"Which choice best describes how paragraph 3 functions in 'The Republic of Letters, Revisited'?",It transitions from example to interpretation,It provides comic relief,It shifts focus to unrelated data,It summarizes all prior claims,It transitions from example to interpretation,Function,3,False,0,7
242,702,29,L7-2,"According to 'The Republic of Letters, Revisited', what broader principle can be drawn?","Ethical insight arises from reflection, not haste",Power inevitably corrupts systems,Beauty guarantees truth,Failure defines genius,"Ethical insight arises from reflection, not haste",Theme,3,False,0,7
243,702,30,L7-2,"How does the author‚Äôs conclusion in 'The Republic of Letters, Revisited' relate to the introduction?",It resolves initial tension by redefining success,It contradicts the original claim,It leaves the issue unanswered,It changes topic entirely,It resolves initial tension by redefining success,Evaluation,3,False,0,7
244,703,31,L7-3,What is the central idea of 'The Map of an Unseen Forest'?,The text explores balance between emotion and reason.,The text defends technological dominance.,The text argues for the end of tradition.,The text describes a personal failure.,The text explores balance between emotion and reason.,Central Idea,2,False,0,7
245,703,32,L7-3,What is the best title for this passage?,How to Build a Robot,Why Rules Matter,Deep Beneath the canopy of the,A Day at the Beach,Deep Beneath the canopy of the,Literal,2,False,0,7
246,703,33,L7-3,"In 'The Map of an Unseen Forest', the word 'reflection' most nearly means‚Äî",serious thought,mirror image,light bounce,criticism,serious thought,Vocabulary,2,False,0,7
247,703,34,L7-3,What can be inferred about the author‚Äôs tone in 'The Map of an Unseen Forest'?,balanced and contemplative,sarcastic and dismissive,joyful and nostalgic,coldly scientific,balanced and contemplative,Inference,2,False,0,7
248,703,35,L7-3,What is the best title for this passage?,How to Build a Robot,Why Rules Matter,Deep Beneath the canopy of the,A Day at the Beach,Deep Beneath the canopy of the,Literal,2,False,0,7
249,703,36,L7-3,What is the best title for this passage?,How to Build a Robot,Why Rules Matter,Deep Beneath the canopy of the,A Day at the Beach,Deep Beneath the canopy of the,Literal,2,False,0,7
250,703,37,L7-3,What is the effect of the imagery used in 'The Map of an Unseen Forest'?,It deepens emotional impact,It distracts from key ideas,It clarifies technical processes,It adds humor,It deepens emotional impact,Style,2,False,0,7
251,703,38,L7-3,What is the best title for this passage?,How to Build a Robot,Why Rules Matter,Deep Beneath the canopy of the,A Day at the Beach,Deep Beneath the canopy of the,Literal,2,False,0,7
252,703,39,L7-3,What is the author's main purpose in this passage?,To entertain with a fantasy story.,To give step-by-step instructions for a craft.,To inform readers about a topic.,To persuade readers to buy a product.,To inform readers about a topic.,Inference,2,False,0,7
253,703,40,L7-3,What is the tone of the concluding paragraph in 'The Map of an Unseen Forest'?,resigned yet hopeful,angry and urgent,indifferent,sarcastic,resigned yet hopeful,Tone,2,False,0,7
254,703,41,L7-3,What rhetorical device is most evident in 'The Map of an Unseen Forest'?,contrast,metaphor,hyperbole,irony,metaphor,Rhetoric,2,False,0,7
255,703,42,L7-3,What evidence would most strengthen the author‚Äôs argument in 'The Map of an Unseen Forest'?,data illustrating long-term impact,an emotional anecdote,a list of names,a historical coincidence,data illustrating long-term impact,Synthesis,2,False,0,7
256,703,43,L7-3,What is the best title for this passage?,How to Build a Robot,Why Rules Matter,Deep Beneath the canopy of the,A Day at the Beach,Deep Beneath the canopy of the,Literal,2,False,0,7
257,703,44,L7-3,"According to 'The Map of an Unseen Forest', what broader principle can be drawn?","Ethical insight arises from reflection, not haste",Power inevitably corrupts systems,Beauty guarantees truth,Failure defines genius,"Ethical insight arises from reflection, not haste",Theme,2,False,0,7
258,703,45,L7-3,What is the best title for this passage?,How to Build a Robot,Why Rules Matter,Deep Beneath the canopy of the,A Day at the Beach,Deep Beneath the canopy of the,Literal,2,False,0,7
259,704,46,L7-4,What is the central idea of 'The Arithmetic of Regret'?,The text explores balance between emotion and reason.,The text defends technological dominance.,The text argues for the end of tradition.,The text describes a personal failure.,The text explores balance between emotion and reason.,Central Idea,3,False,0,7
260,704,47,L7-4,Which detail best supports the main idea in 'The Arithmetic of Regret'?,A quote illustrating moral balance,A statistical comparison of costs,A description of a building,A reference to an unrelated event,A quote illustrating moral balance,Evidence,3,False,0,7
261,704,48,L7-4,"In 'The Arithmetic of Regret', the word 'reflection' most nearly means‚Äî",serious thought,mirror image,light bounce,criticism,serious thought,Vocabulary,3,False,0,7
262,704,49,L7-4,What can be inferred about the author‚Äôs tone in 'The Arithmetic of Regret'?,balanced and contemplative,sarcastic and dismissive,joyful and nostalgic,coldly scientific,balanced and contemplative,Inference,3,False,0,7
263,704,50,L7-4,How does the author develop the main argument in 'The Arithmetic of Regret'?,by contrasting ideals with outcomes,by listing statistics,by mocking opponents,by defining technical terms,by contrasting ideals with outcomes,Structure,3,False,0,7
264,704,51,L7-4,Which statement best describes the author‚Äôs purpose in 'The Arithmetic of Regret'?,to examine human motivation through abstract analysis,to entertain through humor,to document historical data,to advocate for policy change,to examine human motivation through abstract analysis,Purpose,3,False,0,7
265,704,52,L7-4,What is the effect of the imagery used in 'The Arithmetic of Regret'?,It deepens emotional impact,It distracts from key ideas,It clarifies technical processes,It adds humor,It deepens emotional impact,Style,3,False,0,7
266,704,53,L7-4,Which phrase from 'The Arithmetic of Regret' best supports the answer to the previous question?,a line describing contrast or silence,a line about weather,a figure of speech unrelated to theme,a numerical fact,a line describing contrast or silence,Evidence,3,False,0,7
267,704,54,L7-4,"Based on 'The Arithmetic of Regret', which assumption does the author challenge?",that progress is always positive,that emotion is superior to reason,that art is obsolete,that science is flawless,that progress is always positive,Inference,3,False,0,7
268,704,55,L7-4,What is the tone of the concluding paragraph in 'The Arithmetic of Regret'?,resigned yet hopeful,angry and urgent,indifferent,sarcastic,resigned yet hopeful,Tone,3,False,0,7
269,704,56,L7-4,What rhetorical device is most evident in 'The Arithmetic of Regret'?,contrast,metaphor,hyperbole,irony,metaphor,Rhetoric,3,False,0,7
270,704,57,L7-4,What evidence would most strengthen the author‚Äôs argument in 'The Arithmetic of Regret'?,data illustrating long-term impact,an emotional anecdote,a list of names,a historical coincidence,data illustrating long-term impact,Synthesis,3,False,0,7
271,704,58,L7-4,Which choice best describes how paragraph 3 functions in 'The Arithmetic of Regret'?,It transitions from example to interpretation,It provides comic relief,It shifts focus to unrelated data,It summarizes all prior claims,It transitions from example to interpretation,Function,3,False,0,7
272,704,59,L7-4,"According to 'The Arithmetic of Regret', what broader principle can be drawn?","Ethical insight arises from reflection, not haste",Power inevitably corrupts systems,Beauty guarantees truth,Failure defines genius,"Ethical insight arises from reflection, not haste",Theme,3,False,0,7
273,704,60,L7-4,How does the author‚Äôs conclusion in 'The Arithmetic of Regret' relate to the introduction?,It resolves initial tension by redefining success,It contradicts the original claim,It leaves the issue unanswered,It changes topic entirely,It resolves initial tension by redefining success,Evaluation,3,False,0,7
274,705,61,L7-5,What is the central idea of 'Letters to the Future (A Paired Passage)'?,The text explores balance between emotion and reason.,The text defends technological dominance.,The text argues for the end of tradition.,The text describes a personal failure.,The text explores balance between emotion and reason.,Central Idea,3,False,0,7
275,705,62,L7-5,What is the best title for this passage?,A Day at the Beach,How to Build a Robot,Why Rules Matter,Passage A ‚Äì A Letter From,Passage A ‚Äì A Letter From,Literal,3,False,0,7
276,705,63,L7-5,"In 'Letters to the Future (A Paired Passage)', the word 'reflection' most nearly means‚Äî",serious thought,mirror image,light bounce,criticism,serious thought,Vocabulary,3,False,0,7
277,705,64,L7-5,What can be inferred about the author‚Äôs tone in 'Letters to the Future (A Paired Passage)'?,balanced and contemplative,sarcastic and dismissive,joyful and nostalgic,coldly scientific,balanced and contemplative,Inference,3,False,0,7
278,705,65,L7-5,How does the author develop the main argument in 'Letters to the Future (A Paired Passage)'?,by contrasting ideals with outcomes,by listing statistics,by mocking opponents,by defining technical terms,by contrasting ideals with outcomes,Structure,3,False,0,7
279,705,66,L7-5,What is the best title for this passage?,A Day at the Beach,How to Build a Robot,Why Rules Matter,Passage A ‚Äì A Letter From,Passage A ‚Äì A Letter From,Literal,3,False,0,7
280,705,67,L7-5,What is the effect of the imagery used in 'Letters to the Future (A Paired Passage)'?,It deepens emotional impact,It distracts from key ideas,It clarifies technical processes,It adds humor,It deepens emotional impact,Style,3,False,0,7
281,705,68,L7-5,Which phrase from 'Letters to the Future (A Paired Passage)' best supports the answer to the previous question?,a line describing contrast or silence,a line about weather,a figure of speech unrelated to theme,a numerical fact,a line describing contrast or silence,Evidence,3,False,0,7
282,705,69,L7-5,What is the author's main purpose in this passage?,To entertain with a fantasy story.,To give step-by-step instructions for a craft.,To inform readers about a topic.,To persuade readers to buy a product.,To inform readers about a topic.,Inference,3,False,0,7
283,705,70,L7-5,What is the tone of the concluding paragraph in 'Letters to the Future (A Paired Passage)'?,resigned yet hopeful,angry and urgent,indifferent,sarcastic,resigned yet hopeful,Tone,3,False,0,7
284,705,71,L7-5,What rhetorical device is most evident in 'Letters to the Future (A Paired Passage)'?,contrast,metaphor,hyperbole,irony,metaphor,Rhetoric,3,False,0,7
285,705,72,L7-5,What evidence would most strengthen the author‚Äôs argument in 'Letters to the Future (A Paired Passage)'?,data illustrating long-term impact,an emotional anecdote,a list of names,a historical coincidence,data illustrating long-term impact,Synthesis,3,False,0,7
286,705,73,L7-5,What is the best title for this passage?,A Day at the Beach,How to Build a Robot,Why Rules Matter,Passage A ‚Äì A Letter From,Passage A ‚Äì A Letter From,Literal,3,False,0,7
287,705,74,L7-5,"According to 'Letters to the Future (A Paired Passage)', what broader principle can be drawn?","Ethical insight arises from reflection, not haste",Power inevitably corrupts systems,Beauty guarantees truth,Failure defines genius,"Ethical insight arises from reflection, not haste",Theme,3,False,0,7
288,705,75,L7-5,What is the best title for this passage?,A Day at the Beach,How to Build a Robot,Why Rules Matter,Passage A ‚Äì A Letter From,Passage A ‚Äì A Letter From,Literal,3,False,0,7
289,706,76,L7-6,What is the best title for this passage?,Why Rules Matter,"In 1895, Sociologist Gustave Le Bon",A Day at the Beach,How to Build a Robot,"In 1895, Sociologist Gustave Le Bon",Literal,2,False,0,7
290,706,77,L7-6,What is the best title for this passage?,Why Rules Matter,"In 1895, Sociologist Gustave Le Bon",A Day at the Beach,How to Build a Robot,"In 1895, Sociologist Gustave Le Bon",Literal,2,False,0,7
291,706,78,L7-6,What is the best title for this passage?,Why Rules Matter,"In 1895, Sociologist Gustave Le Bon",A Day at the Beach,How to Build a Robot,"In 1895, Sociologist Gustave Le Bon",Vocabulary,2,False,0,7
292,706,79,L7-6,What is the author's main purpose in this passage?,To entertain with a fantasy story.,To give step-by-step instructions for a craft.,To inform readers about a topic.,To persuade readers to buy a product.,To inform readers about a topic.,Inference,2,False,0,7
293,706,80,L7-6,How does the author develop the main argument in 'The Equation of the Crowd'?,by contrasting ideals with outcomes,by listing statistics,by mocking opponents,by defining technical terms,by contrasting ideals with outcomes,Structure,2,False,0,7
294,706,81,L7-6,What is the best title for this passage?,Why Rules Matter,"In 1895, Sociologist Gustave Le Bon",A Day at the Beach,How to Build a Robot,"In 1895, Sociologist Gustave Le Bon",Literal,2,False,0,7
295,706,82,L7-6,What is the best title for this passage?,Why Rules Matter,"In 1895, Sociologist Gustave Le Bon",A Day at the Beach,How to Build a Robot,"In 1895, Sociologist Gustave Le Bon",Literal,2,False,0,7
296,706,83,L7-6,What is the best title for this passage?,Why Rules Matter,"In 1895, Sociologist Gustave Le Bon",A Day at the Beach,How to Build a Robot,"In 1895, Sociologist Gustave Le Bon",Literal,2,False,0,7
297,706,84,L7-6,"Based on 'The Equation of the Crowd', which assumption does the author challenge?",that progress is always positive,that emotion is superior to reason,that art is obsolete,that science is flawless,that progress is always positive,Inference,2,False,0,7
298,706,85,L7-6,What is the tone of the concluding paragraph in 'The Equation of the Crowd'?,resigned yet hopeful,angry and urgent,indifferent,sarcastic,resigned yet hopeful,Tone,2,False,0,7
299,706,86,L7-6,What is the best title for this passage?,Why Rules Matter,"In 1895, Sociologist Gustave Le Bon",A Day at the Beach,How to Build a Robot,"In 1895, Sociologist Gustave Le Bon",Literal,2,False,0,7
300,706,87,L7-6,What is the best title for this passage?,Why Rules Matter,"In 1895, Sociologist Gustave Le Bon",A Day at the Beach,How to Build a Robot,"In 1895, Sociologist Gustave Le Bon",Literal,2,False,0,7
301,706,88,L7-6,Which choice best describes how paragraph 3 functions in 'The Equation of the Crowd'?,It transitions from example to interpretation,It provides comic relief,It shifts focus to unrelated data,It summarizes all prior claims,It transitions from example to interpretation,Function,2,False,0,7
302,706,89,L7-6,What is the best title for this passage?,Why Rules Matter,"In 1895, Sociologist Gustave Le Bon",A Day at the Beach,How to Build a Robot,"In 1895, Sociologist Gustave Le Bon",Literal,2,False,0,7
303,706,90,L7-6,What is the best title for this passage?,Why Rules Matter,"In 1895, Sociologist Gustave Le Bon",A Day at the Beach,How to Build a Robot,"In 1895, Sociologist Gustave Le Bon",Literal,2,False,0,7
