passage_id,title,level,difficulty,passage_text,media_url
L1-1,At School,1.1,1,Tom is at school. He reads a book and writes in his notebook. His teacher helps him learn new words.,
L1-2,My Dog,1.1,1,I have a dog. His name is Max. He likes to run and play in the park every day.,
L1-3,Colors,1.1,1,The sun is yellow. The sky is blue. The grass is green. Colors make the world bright.,
L1-4,In the Kitchen,1.1,1,Mom is in the kitchen. She is making breakfast. I smell the bread and see the milk on the table.,
L1-5,Rainy Day,1.2,2,It is raining outside. I take my umbrella. My sister wears a raincoat. We jump in small puddles.,
L1-6,At the Zoo,1.2,2,We go to the zoo on Sunday. I see a tall giraffe and a big elephant. The monkeys are funny.,
L1-7,A Picnic,1.2,2,Our family has a picnic at the park. We eat sandwiches and drink juice. We sit under a tree and talk.,
L1-8,In My Room,1.2,2,"My room is small but clean. I have a bed, a desk, and a chair. I keep my books on the shelf.",
L1-9,Helping at Home,1.3,3,Every weekend I help my parents at home. I clean my room and wash the dishes. Helping makes me happy.,
L1-10,At the Beach,1.3,3,"We visit the beach in summer. The sand is soft, and the sea is blue. I build a sandcastle with my brother.",
L1-11,The Seasons,1.3,3,"There are four seasons in a year. Spring is warm, summer is hot, fall is cool, and winter is cold.",
L1-12,The Big Farm,1.3,3,"We visit a farm. There are cows, sheep, and chickens. The farmer gives food to the animals every morning.",
L2-1,The Missing Pencil,2.1,1,"I had a red pencil I liked very much. Yesterday, I couldn’t find it anywhere. I looked in my desk and under my chair. Then my friend Sam found it near the window. I was happy to have my pencil again.",
L2-2,The New Student,2.1,1,A new student came to our class today. Her name is Lucy. She was shy at first. We shared our crayons and played together at lunch. Now she smiles every time she sees me.,
L2-3,The Broken Kite,2.1,1,"Tom’s kite flew high in the sky. Suddenly, the wind broke the string. The kite fell into a tree. Tom and his dad worked together to get it down. They fixed it and flew it again.",
L2-4,The Busy Morning,2.1,1,"I woke up late this morning. I rushed to brush my teeth and eat breakfast. I almost forgot my backpack! Luckily, Mom reminded me before I left. I made it to school just in time.",
L2-5,A Kind Neighbor,2.2,2,"Mrs. Lee lives next door to us. She has a garden full of flowers. When I walk by, she gives me one to take home. I water her plants when she is away. She says I am a good helper.",
L2-6,The Little Library,2.2,2,There is a small library on our street. I go there after school. I read storybooks about animals and space. The librarian helps me choose new books every week. Reading makes me happy.,
L2-7,The Lost Cat,2.2,2,"Our cat, Ginger, was missing one night. My sister and I looked in the yard and called her name. We found her sleeping under the porch. She was dirty but safe. We gave her milk and hugged her.",
L2-8,The School Garden,2.2,2,"Our class planted seeds in the school garden. We watered them every day. Soon, small green leaves grew. By summer, there were bright flowers. Everyone took turns picking weeds and taking care of the garden.",
L2-9,A Rainy Walk,2.3,3,"It rained all day, but I still wanted to go outside. I put on my boots and raincoat. I walked with my dad and splashed in the puddles. When we came home, Mom had hot chocolate ready for us.",
L2-10,The Mystery Box,2.3,3,"I found a small box near the playground. It had a red ribbon on top. Inside, there was a note that said, 'Good job, finder!' My teacher said it was part of a class game. I felt proud and surprised.",
L2-11,Helping Grandma,2.3,3,"Every Sunday, I visit Grandma. We bake cookies and water her plants. She tells me stories from when she was young. Before I go home, she gives me a warm hug and says, 'You make my day bright.'",
L2-12,The Owl at Night,2.3,3,"One night, I heard a sound outside my window. I looked out and saw an owl on a tree branch. Its eyes were big and shiny. It hooted softly and then flew away into the dark sky.",
L3-1,The Science Fair,3.1,1,"Mina and Alex worked hard on their science project. They built a small volcano using clay and vinegar. When they tested it, foam spilled over the table. The judges smiled and gave them a blue ribbon. Mina whispered, 'Hard work always pays off!'",
L3-2,The Lost Wallet,3.1,1,"Eli found a wallet on the sidewalk near the park. It had a bus card and five dollars. He took it to the park office. Later, a woman came looking for it and thanked him. Eli felt proud for doing the right thing.",
L3-3,The Rainy Race,3.1,1,"It rained on the day of the school fun run. Some students wanted to cancel, but Emma said, 'Let’s try anyway!' They ran through puddles and laughed. In the end, everyone was wet but smiling. It was the best race of the year.",
L3-4,The Door in the Tree,3.1,1,"Liam walked through the forest after school. He saw a door on a large oak tree. Curious, he opened it and found a tiny room with shelves full of shiny stones. When he blinked, the door was gone. He wondered if it had been a dream.",
L3-5,Helping at the Park,3.2,2,"On Saturday, our class cleaned the park. We picked up trash and planted flowers. I watered small trees while others painted the benches. The park looked bright again. When people came to play, they smiled and thanked us.",
L3-6,The Floating Key,3.2,2,"Sara saw something shining in the pond. It was a key that floated just below the surface. She used a stick to pull it out. The key had no name or mark. That night, she dreamed it opened a door full of stars.",
L3-7,The Lunchroom Clue,3.2,2,"The teacher’s pen was missing. Everyone searched the lunchroom. Tom noticed ink spots near the milk cartons. They led to an empty tray. Under it was the missing pen! The teacher laughed and said, 'Nice detective work!'",
L3-8,The Sky Lantern,3.2,2,"During the festival, children wrote wishes on paper lanterns. When the lanterns floated into the sky, Mina’s wish for her brother’s recovery flew the highest. She smiled, believing her message reached the stars.",
L3-9,The Secret Notebook,3.3,3,"At the library, Leo found a notebook without a name. Inside were drawings of machines and secret notes. He showed it to the librarian. She said it belonged to an inventor who had donated old things. Leo imagined building one of the machines himself.",
L3-10,The River Rescue,3.3,3,"While walking by the river, Hana saw a puppy stuck on a small rock. She called for help. A man threw a rope and pulled the puppy to safety. Everyone cheered. Hana learned that quick thinking can save lives.",
L3-11,The Talking Map,3.3,3,"Evan bought a map from a small shop. When he unfolded it, tiny lights blinked on the paper. A voice whispered, 'Follow the red trail.' He followed it to a hill where he found a time capsule full of old photos.",
L3-12,The Hidden Garden,3.3,3,Sofia moved to a new town. Behind her house was a gate covered in vines. She opened it and found a garden full of colorful flowers. Each plant had a name tag left by the last owner. Sofia promised to keep it alive again.,
L4-1,The Lemon Dare,4.1,1,"Ben sat at the lunch table, staring at the yellow slice on his tray. “Come on, Ben! Eat the lemon!” his friends shouted. He laughed, pretending not to care, but his stomach twisted. Everyone was watching. He lifted the lemon, took a quick bite—and the sour juice burned his tongue. His face puckered, and the room erupted in laughter.

For a moment Ben felt proud, but later, walking home, the pride faded. Why had he done it? Not because he wanted to—but because he was afraid of looking weak. That night, his mom sliced a lemon for tea. She smiled. “You don’t have to prove yourself to anyone, you know.”

Ben realized courage wasn’t about doing what others dared him to do. It was about standing by his own decisions, even when no one cheered.",
L4-2,The Library Plan,4.2,2,"When the school library announced shorter hours, Daniel couldn’t accept it. Books had always felt like friends waiting on quiet shelves. He wrote a proposal asking students to volunteer after school to keep the library open. Most classmates ignored him. “It’ll never work,” they said.

Daniel met with the principal, explaining how reading time helped everyone. She hesitated, then allowed a two-week trial. Daniel made a schedule, trained volunteers, and stayed late to shelve books. Slowly, the library filled again with voices whispering stories.

On the final day, the principal smiled. “You reminded us that leadership doesn’t depend on age.” Daniel looked around at his friends helping younger kids pick books. He realized ideas only matter when someone is brave enough to begin.",
L4-3,The Broken Window,4.1,1,"The ball flew farther than Jen expected. CRASH! A sharp sound echoed through the alley. The window next door shattered into pieces. Jen froze, her heart pounding. She could run, pretend it wasn’t her—but her coach’s words came back: Own your mistakes before they own you.

She knocked on the neighbor’s door and admitted what happened. Mr. Kim frowned at the broken glass, then sighed. “Thank you for telling the truth,” he said. “Honesty saves more trouble than lies ever do.”

Together they swept the shards, and Jen promised to help pay for repairs. The next afternoon, Mr. Kim brought her cookies. “For honesty,” he said with a smile. Jen learned that fixing mistakes begins with courage, not money.",
L4-4,The Sky Lantern,4.2,2,"During the Lantern Festival, families filled the park with light. Mina wrote on her paper lantern: “Please help my brother get well.” As her lantern rose, wind carried it higher than the others. She imagined her wish floating all the way to the stars.

A week later, her brother came home from the hospital. He still needed medicine, but his laughter returned. Mina told him about the lantern. “Maybe the stars heard you,” he joked.

That night she stepped outside. The sky was empty, but she felt the same calm glow as before. Mina realized the lantern hadn’t changed her brother’s health—but her hope had changed her. Hope, she thought, was its own kind of light.",
L4-5,The Class Petition,4.2,2,"When new cafeteria rules banned talking, students groaned. Lunch felt like silent punishment. Ava started a petition asking for “Quiet Zones” instead of total silence. She collected signatures, staying polite even when teachers doubted her.

At the next assembly, she presented her idea. The principal listened carefully and agreed to test the plan. For a week, half the tables were talk-free while others allowed soft voices. Noise dropped, and everyone ate peacefully.

Ava realized fairness wasn’t fighting against rules—it was improving them for everyone. When students clapped for her effort, she knew real change starts with respect.",
L4-6,The Long Walk Home,4.3,3,"The bell rang, and Ella realized she’d missed her bus again. Dark clouds rolled over the town as she started walking home. Her shoes splashed through puddles.

At the bus stop ahead, an elderly man sat shivering. “Are you all right?” Ella asked. He had taken the wrong route and couldn’t call his daughter. Ella lent him her phone. When the woman arrived, she hugged her father and thanked Ella with tears in her eyes.

As Ella continued home, she felt taller somehow. The road was still wet, but she no longer minded the rain. Kindness, she thought, made even the longest walk shorter.",
L4-7,The Secret Note,4.3,3,"In 1942, Sofia lived in a small coastal town where letters were censored before they left the country. Her mother wrote messages to relatives overseas but feared the soldiers reading them. One night, Sofia hid a short note under the envelope flap: “We are safe. Don’t worry.”

Weeks later, a reply arrived with a drawing of a bird carrying a ribbon. Her mother smiled through tears. “You found a way to send hope,” she whispered.

Sofia never forgot how a few quiet words could travel farther than fear.",
L4-8,The Neighbor’s Secret,4.3,3,"Across the street lived Mrs. Han, who always wore the same gray coat. Some kids whispered she was rich but selfish. One snowy afternoon, Sam offered to shovel her driveway. She refused payment but invited him inside for cocoa.

On her kitchen table lay small knitted hats. “For the shelter downtown,” she said. Sam realized the stories had been wrong. Later he told his friends the truth, and soon everyone helped Mrs. Han deliver more hats.

Sam learned that understanding begins when gossip ends.",
L4-9,The Lost Camera,4.1,1,"During the school trip, Leo dropped his camera near the waterfall. By the time he noticed, the group had moved on. He wanted to blame someone, but he knew it was his own carelessness.

That evening, a park ranger returned the camera, saying another visitor had found it. The photos were still there—trees, classmates, laughter. Leo realized memories mattered more than the pictures themselves. He thanked the ranger and promised to be more careful—with his things, and his time.",
L4-10,The Hidden Garden,4.3,3,"Behind the new house stood a gate covered in vines. Sofia pushed it open and discovered an overgrown garden. Rusty tags hung from old plants: Hope, Patience, Kindness.

She began clearing weeds each afternoon. When her lonely neighbor noticed, he offered seeds. Together they replanted the garden. By spring, colors filled the yard again. Sofia hung a new tag that said Friendship.

Sometimes, she thought, growing something new starts with caring for what was left behind.",
L4-11,The Substitute,4.1,1,"When Mr. Park took leave, the substitute teacher enforced strict new rules. Students grumbled—until Maya noticed how tired the woman looked after class. She organized her classmates to straighten desks and leave thank-you notes.

The next morning, the teacher’s eyes sparkled. “I didn’t expect kindness,” she said softly. The rules stayed, but the classroom felt warmer. Maya realized respect changes more than arguments ever could.",
L4-12,The Bridge Team,4.2,2,"A contest invited students to design a model bridge. Liam’s group argued about materials until he suggested combining everyone’s ideas. They built a bridge of paper tubes, wood sticks, and string. It wasn’t perfect, but it held more weight than any other.

During awards, the judges praised their teamwork. Liam smiled. Winning didn’t matter—their bridge had already connected them in the best way.",
L5-1,The Promise at the River,5.1,1,"The river path was empty when Jonah reached the dock before sunrise. He liked it best that way—no echoing voices, no coach’s whistle, only the water sliding past the reeds. Today’s qualifying race would decide who made the travel team. Jonah’s best friend, Ravi, needed the spot. Jonah wanted it too.

They warmed up together, splitting the lane like they always did. “We’ll both swim our best,” Ravi said, slapping Jonah’s shoulder. “Whatever happens, no hard feelings.” Jonah nodded, but he felt the old knot tighten in his stomach. Being a teammate was simple. Being a competitor was not.

The gun snapped. Jonah sliced forward, finding a rhythm that felt like invisible gears clicking into place. He turned hard at the first buoy, legs burning with that familiar fire. Somewhere behind him, he heard a splash that wasn’t like the others—a sharp, panicked sound—then a cough. Jonah glanced back. Ravi’s stroke had broken; he grabbed at his goggles, then at the water itself. The river tugged his body downstream.

Jonah’s mind split. One part said, Keep going. The other said, Turn around. He remembered the promise they had made at the dock, and an older promise, too—one his mother used when they argued over chores: If you can help, you must.

He rolled onto his back, whipped around, and sprinted back through his wake. “Ravi!” he shouted. He reached him just as Ravi’s legs thrashed against a sudden tangle of weeds. Jonah hooked an arm across Ravi’s chest and kicked, counting silently to keep his breath steady. A safety boat cut across the lane and hauled them in.

By the time Ravi stopped coughing and laughing at the same time, the race was over. From the dock, a small wave of cheers drifted toward them—uneven, uncertain. The coach’s face was unreadable. Ravi wiped his eyes and said hoarsely, “You saved me, idiot.”

Jonah tried to joke, but his hands shook with leftover fear. Later, the coach called him aside. “You knew what the race meant,” she said. “And you knew what your friend meant more.” She paused. “There will be other races, Jonah. A team needs people who can risk their own finish for someone else’s safety.”

That night, Jonah returned to the river alone. Fireflies stitched tiny lights above the water like bright, careful thread. He had not won a place on the travel team, not today. Yet the river, steady and impartial, kept moving forward. Jonah breathed in the cool air and felt something settle. There are victories that do not end on a scoreboard. He had kept his promise—the oldest one—and the river carried it on.",
L5-2,The Secret Notebook,5.1,1,"When Leena’s grandfather passed away, the house felt full of careful quiet—the kind people use when they don’t want to break a memory. After the funeral, her mother asked her to help clean the attic. They dusted old trunks and tied bundles of letters with thin, faded ribbon. In the corner, Leena found a metal tin with a dented lid. Inside lay a small black notebook, the elastic band stretched to a hard shine.

The first page held dates from years Leena only knew from history class. Some entries were a few words: “Ration day again.” Others stretched across the lines: “Heard a song in the alley tonight, played very gently so it wouldn’t be taken away.” Leena ran her finger along the ink grooves, as if she could feel the sound pressed into the paper.

As the afternoon thinned, the attic listened. Leena kept reading. Her grandfather had been a boy then, carrying messages between neighbors when certain words were dangerous. He hid notes in his shoes, beneath a loose sole stitched back with clumsy thread. Sometimes, he wrote about fear in the plainest sentences. Sometimes, he wrote about hope so quietly that she had to read each line twice.

She reached a page whose edges were darker, as if held in warm hands many times. It described a night when a neighbor knocked and asked for help. Her grandfather, still a teenager, had split one loaf of bread into two, then into four, until the slices looked like thin paper. “We were hungry,” he wrote, “but their hunger was louder than ours.”

Leena looked up at the rafters, at the dust swimming through light. She pictured her grandfather at her age—no taller, probably more stubborn—folding tiny squares of paper, stepping into alleys with careful shoes. She remembered how he liked to fix broken latches and how he hummed while sweeping the porch, as if the broom were a quiet instrument.

Her mother found her there and sat beside her on the attic floor. “He didn’t tell these stories much,” she said, tapping the page. “He thought it was better to do small kindnesses than to talk about them.”

Leena closed the notebook gently and slid the elastic band back into place. She felt not heavier but steadier, as if she had been given a map. On the cover, she wrote a single new word in the corner, small enough to keep its modesty: Continue. She put the notebook in her backpack. Some lessons, she decided, were meant to be carried down the stairs and into ordinary days, where they could be used.",
L5-3,The Music Box,5.1,1,"The music box had been silent for years. It sat on Grandma Asha’s dresser beside a jar of buttons, a seashell that whispered the ocean, and a photograph of two young people leaning into the same joke. When Theo stayed overnight, Grandma would wind the box anyway and say, “Listen. Sometimes the heart hears the tune before the ears do.”

One rainy Saturday, Theo asked to fix it. Grandma raised an eyebrow the way she did when she was amused and a little worried. “If you break it more,” she said, “you owe me a new song.” Theo promised he’d be careful, then spread a towel and unscrewed the tiny plate on the back.

Inside, the cylinder was clean but stiff, and the spring sighed instead of singing. Theo cleaned the teeth with a soft brush and a breath that felt like a prayer he didn’t know. Under the lining, he found a folded scrap of paper brittle as a leaf. It was a letter in spiky handwriting. “Save this waltz for the day we buy our first house,” it said. “If the tune plays, we made it.”

Theo brought the note to Grandma. She held it beneath the lamp like a small flag rescued from dusk. “We never did buy that house,” she said gently. “We rented, we moved, we started over more times than I can count. But we still danced when the radio was kind. Perhaps that’s the house we bought—the kind you carry around.”

When Theo rewound the spring, the box stuttered, then let out three clear notes. He and Grandma smiled the same surprised smile. The melody rose—a thin ribbon at first, then wider, steadying, filling the room with something that was not quite joy and not quite sorrow but a seam between them. Grandma reached for his hand. They swayed beside the dresser, the rain keeping beat on the window.

Later, Theo put the note back under the lining. He didn’t want to erase history, only to tune it. He closed the box and wrote the date on a small piece of tape underneath. On the drive home, he thought about houses made of moments, doors of patience, windows of songs. When the world felt noisy, he decided, he would wind the day as gently as he could and listen for the tune.",
L5-4,The Bridge at East Gate,5.2,2,"The bridge at East Gate did not just cross the river; it crossed the story people told about the town. North Side. South Side. Two names that made one place feel like two. When Noura joined the debate team, Coach paired her with Colin from the other side. They shook hands, formal as strangers, then sat at opposite corners of the same table and argued about everything—topics, timing, even whose pen to use.

The first practice was a mess. Noura spoke too fast; Colin paused too long. They lost to a pair who had never competed before. “We’re building two speeches,” Coach said, “and calling them one. Start listening for what is strong in the other voice. Borrow that. Trade what doesn’t fit. Build a bridge or cancel the match.”

So they tried. Noura brought speed and fire; Colin brought calm and bones for structure. After school they met at a picnic table near the bridge. They argued again, but this time the argument worked like sanding wood. The edges softened; the shape appeared. At home, Noura’s grandmother asked, “How is the boy from across the river?” Noura shrugged, then smiled. “Less from across. More from beside.”

Their first win was small and loud. Colin pumped a fist. Noura laughed too hard and then apologized for laughing too hard. Coach said nothing, only raised a single approving eyebrow. The season tightened into fewer mistakes and more moments of clean handoffs. While walking to the bus, Colin said, “I keep noticing when you breathe,” and then turned red. Noura said, “I keep hearing where your logic bends,” and then turned red too. They laughed, not at each other, but at the discovery that two voices could plan where to meet in the middle.

At the city championship, the final round topic was about sharing parks between neighborhoods. Noura opened with a story, a small one about a toddler who learned to say hello to a stranger’s dog. Colin followed with policy and budget lines that suddenly sounded like a kind of kindness. When the timer beeped, they looked at each other and both exhaled.

On the walk back, they paused at the bridge’s center. Water moved in patient sheets beneath them, paying no attention to signs. “Maybe the line is real only when we redraw it,” Noura said. Colin nodded. He uncapped his pen and wrote across his palm, as if making a pledge neither side owned: Same town. Same team.",
L5-5,The Protest Tree,5.2,2,"In the summer of 1963, the great maple by the courthouse wore more signs than leaves. Some signs were careful as homework, letters squared and polite. Others trembled on cardboard torn from boxes, the words rushed and urgent. Claire biked there each afternoon with a notebook in her basket. She didn’t know what to write yet, only that the town’s air felt like it was holding its breath.

Her father, a mail carrier, had told her that letters sometimes traveled faster than courage. “That’s why we need both,” he said, tying his shoelaces tight. At the courthouse, Claire leaned the bike against the trunk and sat cross-legged in the shade. She began to list what she saw: a woman offering a cup of water to a stranger; a child tracing the paint drips at the edge of a sign; a deputy who looked away from a shouted insult and stared at the sky instead.

One day, a boy her age sat near her and asked, “Why aren’t you holding a sign?” Claire tapped the notebook. “I’m practicing a different kind of speaking,” she said. He shrugged, unconvinced. He returned the next day anyway, and the next. They watched the shade move around the courthouse like the hour hand of a patient clock.

The poem arrived as if it had been circling for years and finally found a place to land. Claire wrote about the tree that lent its shade without checking a person’s address, about the roots that drank from the same soil no matter which shoes stood above them. She wrote about the courthouse steps, how they did not ask the color of a foot before they carried it up. When she finished, the boy said quietly, “Read it out loud.”

Claire’s mouth was dry. She stood anyway. Her voice shook at first, then steadied. People turned. The maple’s leaves whispered as if surprised to be included. When she reached the last line—“If shade is shared, then so must the law be”—a few people clapped, not wildly, just the way you clap for something you recognize.

Her father heard about the poem before he heard it. Letters carried the news ahead of him. The next week, someone pinned Claire’s words to the trunk, where wind could lift and lay them down again like a careful hand. She never called herself a poet. She called herself a witness. But she understood now that witnesses sometimes speak so others can breathe.",
L5-6,The Tunnel Light,5.3,3,"The engineers said the city still had fifty years of power left when Mara was born. By twelve, she could recite their promise like a prayer. By thirteen, she could hear where it cracked. The corridors that once hummed with steady light now flickered, one bulb after another resigning with a tired blink. People spoke of ration charts, of careful steps, of keeping their doors closed at night so shadows would not grow appetites.

Behind the old supply room, Mara heard a sound that did not belong to the city: wind moving through a space larger than the hallway. She pressed along the wall until her fingers found a seam. A narrow door gave way with the sigh of something relieved to be asked. Beyond it, a stair climbed toward a pale rectangle. The air smelled cold and impossible.

Mara stood there for a long time, counting past fear. If she went up and told no one, she would be a thief of secrets. If she told the council, they would lock the door, name it a hazard, and hand out more candles. She took one step, then another, until the gray brightened to a white she had only imagined—the color of the word sky when said out loud.

She went back. She told. The council called her reckless. A guard sealed the seam with metal teeth. But when the blackout came—the worst in a generation—someone knocked on Mara’s door and whispered, “Show us.” She led them through the store room, past shelves of dust, to the sealed line. Hands that had signed petitions now pried at bolts. The door shuddered, then softened, then gave.

They climbed together, a rope of bodies pulling the city up stitch by stitch. At the top, the light did not flood them. It touched each face in turn, as if asking permission to begin again. The people cried without sound. Some touched the dirt like returning to a language they had once known. Mara did not cheer. She simply opened her palms, as if she were giving the light back instead of taking it.

Later, the council would argue about plans and proofs and what to do next. But the city had already chosen a direction. The children drew the stairway in chalk along the corridor floor so no one could pretend to forget it. When the power sputtered again, no one waited. They walked toward the seam that had become a door, and the door that had become a morning.",
L5-7,The Letter from Winter Hill,5.3,3,"Snow fell in slow, determined flakes that morning, each one landing as if it meant to stay forever. The road to Winter Hill had been closed to carts for weeks, but Ella still carried her satchel of letters up the mountain trail. She was fifteen and the only messenger left who would still make the climb.

The army post at the top needed medicine, news, and hope—all of which traveled better on paper than on weary feet. Her mother had begged her not to go. “It’s not the soldiers I worry about,” she said, “it’s the storm.” But the letters were from families below, and Ella couldn’t bear to imagine them waiting without word.

Halfway up the trail, the wind began to scream between the trees. The path vanished under white folds. She leaned into it, counting steps aloud to keep from slipping into silence. At the bend, she noticed a dark shape ahead—a fallen horse and a man slumped beside it. He wore the gray coat of a courier from the southern district. When she reached him, his lips moved faintly.

“The pouch,” he whispered. “Get it through.”

Ella found the leather bag strapped under the saddle. Inside were sealed orders marked with the symbol of the high command. She tucked them into her satchel beside the letters, tightened her scarf, and kept climbing.

By dusk, the world had turned the color of steel. The fortress finally appeared—a shape against the wind. Two guards stumbled out, eyes wide at the sight of her. When she handed over both pouches, one guard said, “These came from across the border. You shouldn’t have risked it.”

Ella smiled weakly. “Neither should you,” she said, and collapsed into their arms.

They laid her by the fire, and someone read aloud the letter on top of her bundle. It was from a mother to her son: We are cold, but we are proud. Come home when you can. The words traveled through the room like warmth rediscovering itself.

By morning, the storm had broken, and a flag hung bright against the clearing sky. Somewhere below, families waited by doors, unaware that their hope had been delivered by a girl who refused to let silence win.",
L5-8,The Stone Lantern,5.3,3,"Kenji swept the temple steps every dawn before the first bell. The war had emptied most of the nearby houses, but the temple still stood, its paper walls trembling whenever the wind remembered what it had lost. One morning he found a stranger sleeping near the gate—an injured soldier from the occupying army.

The man’s leg was bound with cloth torn from a uniform. Kenji froze, torn between fear and anger. The last time soldiers came, they had taken his father away for “questioning.” Still, the stranger’s breath came shallow and thin, and the snow around his foot was red as lacquer.

He carried the soldier inside the temple’s side room and boiled water for tea. When the man awoke, his eyes darted in confusion. Kenji bowed stiffly. “You are safe for now,” he said. “When you can walk, you must leave.”

Days passed. The stranger said little, only thanked Kenji for the rice porridge and helped sweep the floor using the handle of a broom as a crutch. One evening, he noticed Kenji polishing the small stone lantern near the altar. “Why care for it so much?” he asked.

Kenji hesitated. “My father carved it. He said light must keep working even when no one sees.”

When soldiers returned to search the village, Kenji hid the man in a storeroom beneath the temple. The officer leading them recognized Kenji. “Your father kept secrets,” he said coldly. “I hope you have learned not to.”

Kenji met his gaze. “I sweep the steps. I keep the bell clean. I know nothing else.” The officer sneered and left.

That night, the wounded man bowed deeply. “You risked everything for someone you should hate.”

Kenji shrugged. “The light doesn’t choose who sees it.”

At sunrise, the man was gone, but a new stone rested beside the lantern—rough, unfinished, carved with careful hands. It looked like a promise waiting for shape. Kenji smiled. Some lights, he thought, burn quietly enough to survive any war.",
L5-9,The Signal Tower,5.3,3,"In the salt-stung city of Lys, storms came without warning. The signal tower once flashed warnings to ships at sea, but its gears had rusted decades ago. People said the ocean would decide for itself who stayed and who was lost.

Sera and her brother, Kalen, lived in one of the last houses near the pier. Their father, a keeper of the old tower, had vanished during a storm five years earlier. The town stopped maintaining the beacon after that. But when a new hurricane brewed on the horizon, Sera climbed the tower’s narrow stairs. “If the sea took him,” she said, “we can still answer back.”

They spent the night repairing the light’s generator. The metal sang beneath their tools. Wind punched through the tower’s cracks, cold and urgent. When lightning flashed, Sera thought she saw a figure in the distance—someone moving toward the docks, alone against the waves. She kept working.

By dawn, the hurricane was a mountain of water. Sera flipped the main switch. The beacon shuddered, then roared alive, casting its gold arm far across the harbor. Boats turned. A cheer rose from the docks.

When it was over, half the fishing fleet had made it back. The rest were gone—but among the saved was a vessel bearing the name Horizon Star. From its cabin stepped their father, older, salt-bleached, but unmistakably alive.

He wrapped them both in the same heavy coat and whispered, “I followed the light home.”

That evening, the city gathered at the base of the tower. Sera stood on the platform and looked out at the repaired gears gleaming in the orange dusk. “It doesn’t matter who lights it,” she said quietly. “Only that someone always does.”",
L5-10,The Invisible Line,5.2,2,"Every school election at Maple Ridge seemed to follow the same pattern—same families, same last names, same quiet results. When Alina moved to town mid-year, she noticed that every student on the council came from one neighborhood, the one with the biggest houses.

When she suggested running for secretary, her classmates looked surprised. “You’re nice,” one said, “but nobody from our street ever wins.”

Alina smiled. “Maybe it’s time someone did.”

She started by walking door to door—literal doors, not digital ones. She asked students what bothered them most: broken lockers, the overpriced snack machine, the fact that no one ever asked the younger grades what they thought. She wrote everything down and printed her promises on plain paper, not glossy posters.

The other candidates laughed. “It’s not about what people want,” they said. “It’s about who they already know.”

But when Election Day arrived, something shifted. One of Alina’s new friends drew chalk arrows from the playground to the gym: Vote Here—Everyone Counts. Younger kids followed the arrows like treasure maps.

When the results came in, Alina had won—barely, but clearly. She looked out at the assembly, where the “big house” kids sat in the front row. She smiled at them and said, “I don’t want to erase the line between us. I just want to stop pretending it’s invisible.”

Afterward, her teacher whispered, “You just redrew the map.”

At lunch, Alina shared her sandwich with the girl who had laughed at her posters. The peanut butter stuck to the roof of her mouth, and they both laughed until it felt like friendship.

Sometimes, Alina thought later, change didn’t start with speeches. It started with walking across the line to knock on a door no one expected.",
L5-11,The Debate Club,5.2,2,"The first time Jamal stood at the podium, his voice trembled like a paper held too close to fire. The debate topic—“Does truth always matter more than peace?”—felt too big, too sharp. Across the stage, his partner, Nina, stood with her arms crossed, confident and quiet. They had only a week to prepare for regionals, and it showed.

“Start with facts,” she said afterward. “The feelings come later.”

Jamal spent nights reading articles, underlining sentences until the pages looked like a patchwork of worry. Nina, meanwhile, wrote lines that sounded like poetry disguised as logic. They argued in every hallway until teachers told them to “use indoor voices for democracy.”

The day of the debate, the auditorium lights felt heavy. The opposing team spoke first, elegant and rehearsed. Jamal’s hands shook, but Nina’s nod anchored him. When it was his turn, he told a story about his grandmother, who once kept silent about a neighbor’s mistake so the family wouldn’t be shamed. “She chose peace,” Jamal said, “but lost trust.” He paused. “Truth may cause storms, but storms clear the air.”

Nina followed with data and calm reasoning that turned Jamal’s story into structure. When they finished, the judges whispered among themselves for a long time. Then came applause that felt different—not polite, but grateful.

Afterward, Nina grinned. “You found your facts.”

Jamal laughed. “And you found your feelings.”

They shook hands like equals, but Jamal noticed the stage lights reflected off the silver plaque they’d won. It read: Best Team—For Balance Between Heart and Mind.

On the ride home, Jamal rested his forehead against the window and thought, maybe the truth didn’t just clear air. Maybe it built bridges invisible but strong enough to stand on.",
L5-12,The Late Swimmer,5.1,1,"Theo had never been late to practice before. The swim team started warm-ups at six sharp, and Coach Min’s whistle was as punctual as sunrise. But that morning, the bus broke down, and by the time Theo reached the pool, the lanes were already full.

Coach pointed to the clock. “Ten minutes behind. You can still catch up if you focus.”

Theo dove in. The water greeted him like a slap, cold and awake. He pushed harder than usual, determined to make up the lost time. At the end of the set, he noticed a younger teammate, Max, struggling at the far lane. His strokes were uneven; his mouth barely cleared the surface.

Theo hesitated. He could finish his laps and maybe earn back the coach’s approval—or slow down to help. His chest ached with the decision. Then he remembered his father’s words before every race: Win the right thing first.

Theo swam to Max’s side, calling for him to roll onto his back. Max gasped, eyes wide with panic. Theo held him steady until Coach reached them with a float. When Max finally coughed and smiled weakly, the whistle blew again, sharp but not angry.

Later, Coach said, “You lost ten minutes, then found them again where it mattered.”

Theo nodded, unsure what to say. As the sun rose through the high windows, he saw dust like tiny gold swimmers crossing the air. He realized the clock had never been the real opponent. Some races didn’t end at the wall but in the quiet moment after, when you decide who you’ve become.",
L6-1,The Harvest Debt,6.1,1,"The dust fields stretched to the horizon, brown waves under a bruised sky. Eli and Tomas had worked the farm since dawn, shoveling grain into sacks that looked too heavy for hope. The owner’s truck waited at the end of the lane, its canvas sides stamped McHenry Co.—a name spoken with both gratitude and bitterness.

“Three more rows,” Tomas said, wiping his forehead. “Then maybe he’ll let us keep some seed for next season.”
Eli nodded but didn’t answer. The year before, McHenry had promised the same thing, and the seeds had disappeared into the company silo.

Near midday, Eli found a rabbit caught in one of the wire traps meant for pests. Its leg was twisted, its chest rising like a bellows. He reached for his knife. Tomas called from the next row, “Leave it! Boss says they ruin the grain.”
Eli hesitated. The creature blinked once—an entire plea in a heartbeat. He cut the wire, freed the rabbit, and watched it limp toward the woods.

That evening, McHenry arrived to count the sacks. “Short by one,” he said flatly.
Tomas looked down. “We lost some to the wind.”
The man’s eyes narrowed. “Wind doesn’t chew through wire.” He docked their pay and drove off in a storm of dust.

Weeks later, the rains finally came. Crops sprouted green as forgiveness. In the same row where the rabbit had been freed, a burrow appeared. Small ears peeked through, and for a moment Eli thought he heard a squeak like laughter.

Tomas stared at the fresh shoots. “Maybe mercy grows faster than wheat,” he said.
Eli smiled. “It costs more, too.”",
L6-2,The Bridge Shift,6.1,1,"The drawbridge operator’s booth was little more than a box of glass and levers perched above the river. Jonas had run it for twenty-five years. He knew every sound—the rattle of chains, the hum of boats waiting for passage, the whistle that meant “clear.”

On a fog-thick morning, a call crackled through the radio: “Train 49 inbound—schedule adjusted. Lift at 07:10 sharp.” Jonas checked his chart; there was no train listed for that hour. He radioed back—static. The signal repeated.

Below, a barge appeared, horn blaring. Its captain shouted that the cargo held hospital supplies—urgent. The bridge couldn’t be both raised and lowered. Jonas had to choose.

He thought of his son, a paramedic, working somewhere upriver. Supplies might save lives. But if a train came—real or not—hundreds could die. The clock hit 07:09. Jonas gripped the lever. He closed his eyes and counted the rhythm of his own heartbeat against the river’s pulse. Then he kept the bridge down.

At 07:12 the phantom train thundered through—empty. A test run, later explained by headquarters as a miscommunication. The barge waited, furious. Jonas stared at the trembling rails, unsure if he’d failed or been spared.

That evening, he stood on the riverbank. A child waved from the passing barge; its deck lights flickered like forgiveness. Jonas lifted his cap. Some choices, he thought, are measured not by who they save but by the weight they leave behind.",
L6-3,The Last Contract,6.1,1,"Rina repaired machines for people who had forgotten how they worked. Her garage smelled of oil and old promises. When the factory closed, she took small jobs—radios, clocks, sometimes hearts. Not real ones, but the mechanical hearts worn by veterans of the war who could no longer trust their own pulse.

One evening a soldier came in carrying a heart that ticked unevenly. “It belonged to my brother,” he said. “He didn’t make it back. I kept it so he could still hear music.”
Rina examined the gears. “The core’s fractured,” she said. “It might stop completely if I fix it.”
“Then let it,” he whispered. “Nothing should last longer than its owner.”

She stayed up all night replacing springs, unsure whether she wanted success or surrender. At dawn, she wound it once. The heart beat perfectly, then slowed and went still.

Rina placed it in a velvet box and wrote a note: It kept time until you were ready.
When the man returned, he didn’t open the box. He simply nodded. “You fixed more than the heart,” he said.

After he left, Rina listened to the quiet workshop. For the first time, the silence felt repaired too.",
L6-4,The Cage Keeper,6.1,1,"In the city’s oldest zoo, the last lion paced behind bars dulled by fingerprints. Amir, the keeper, had inherited the post from his father. Each morning he unlocked the cage, swept the floor, and whispered stories of the savannah he had never seen.

When new management decided the zoo cost too much, they planned to transfer the animals to distant parks. The lion was too old to travel. “Euthanasia is humane,” the director said. Amir nodded outwardly, but inside something clawed.

The night before the truck came, he opened the gate and led the lion into the moon-lit courtyard. “Go,” he said softly. The lion looked at him with eyes that carried centuries of obedience. Then it walked—not toward the city, but to the center of the courtyard where a stone fountain stood dry. It lay down beside the fountain and closed its eyes.

In the morning, the lion was gone, leaving only a single paw-print in dust. The director shouted; papers were filed; the zoo closed. Amir returned weeks later and found grass pushing through the cracks near the fountain. In the shape of that paw-print, something green had taken root.

He knelt and touched it. “Free,” he whispered. The word felt like both a prayer and an apology.",
L6-5,The Night Market of Hours,6.2,2,"By the river, where fog braided itself between the pilings, a market appeared only when the town clocks disagreed. It was not on any map and never in the same place twice. Some said it formed from lost minutes; others swore the vendors were simply ordinary people with unusual courage. I found it on a November evening when the post office clock stalled at 7:03 but the church bell insisted it was already half past.

Lanterns glowed along a crooked aisle. Stalls displayed goods you couldn’t touch—jars of saved silence, boxes of a child’s first laughter, a hand mirror polished enough to show tomorrow’s weather in the shape of your face. The first vendor I met wore a navy peacoat and a watch with no hands. “What are you buying?” she asked.

“I don’t know,” I admitted. “What do you sell?”

“Hours,” she said simply. “Yours, if you like. Or someone else’s, if you’re willing to carry them.”

I laughed, then saw the seriousness in her eyes. She drew out a velvet roll tied with red string. Inside lay slim glass vials, each labeled in small, exact letters. An hour of doubt (untaken). An hour of courage (worn at the edges). An hour of grief (shared). “People bring me what they can’t use anymore,” she said. “Or what they can’t bear to keep.”

“What do you keep?” I asked.

She touched her coat pocket. “Receipts,” she said. “Proof that living was attempted.”

I told her I was a teacher, that my days were full of bells and my nights of unfinished lists. “I want more time,” I said, though it sounded childish. She nodded as if the desire were an ordinary coin. “Extra hours come with extra weight,” she warned. “More choices, more chances to be wrong.”

We walked to the river where the stalls curved like a question mark. An old man sold minutes of perfect recall—sips you could drink when names slid away from you. A boy offered “borrowed bravery,” which turned out to be the memory of standing up to a bully, transferrable for exactly as long as you needed to repeat the act. At a table draped in gray cloth, a woman traded “clean endings”: a way to say goodbye that didn’t leave splinters.

I returned to the hour merchant. “If I can’t buy more time, what can I trade for better time?”

“Attention,” she said. “The market takes it at excellent rates.”

She uncorked a vial labeled An hour of ordinary daylight (unbroken). The liquid inside was colorless, yet I smelled rain on warm stone, heard a bicycle bell behind a corner I hadn’t turned. “Spend this,” she said, pressing the vial into my palm, “but spend it differently. No multi-tasking. No rushing past your own breath.”

“What do I owe you?” I asked.

She smiled. “Pay by returning when your clocks disagree again. Tell me what you noticed.”

I walked home along the river, holding the hour as if it might leak. The next day I carried it to school, opened it at noon, and taught with the windows cracked. I saw how sunlight made chalk dust into constellations. I heard the exact second a shy student decided to raise a hand. After dismissal, I still had ten good minutes left. I used them to sit on the steps and count the stays of my own heart until it matched the rhythm of traffic.

Weeks later, when the post office clock and the church bell quarreled again, the market returned. I found the vendor in her peacoat, hands in her pockets as if warming birds. “Well?” she asked.

“I paid attention,” I said. “I think I spent it all.”

She shook her head. “Nothing spent that way is ever gone. It pays forward—in clarity. In mercy. In the way you will hold someone’s gaze and let them finish their sentence.”

“I didn’t buy more time,” I said, surprised to hear no regret.

“You bought your own hour back,” she said. “Most people never do.” The fog folded, the stalls thinned, and the river kept its counsel as if nothing had happened at all.",
L6-6,The Archivist of Endings,6.2,2,"When the library’s south wing flooded, the town thought they’d lost only books. I knew better. I was the archivist—keeper not just of volumes but of how they ended. For years I had maintained a card catalog of conclusions: tragedies softened by grace, comedies that stopped just before overreaching, middles that learned to behave themselves as finales. People came to me for comfort. “How does it turn out?” they would ask about their own lives, half joking, half desperate.

After the flood, the endings warped and curled. Paper rippled like old hands; ink wandered into swamps of itself. I spread the pages on tables and weighted them with smooth stones. Volunteers arrived with fans and hope. “We’ll save the bestsellers first,” someone said. “The town loves those.” I shook my head. “The obscure endings teach us more,” I said. “They warn us how not to make the same mistake twice.”

One evening, as I cataloged the dried pieces, I found a book I did not recognize. No title, only a linen cover the color of rain. Inside, the pages were blank except for the last one. It read: If you are reading this, the ending has not yet been decided. Please write gently. The ink looked fresh. I touched the words; they did not smear.

I set it aside, unsettled and a little thrilled. For weeks I kept returning to it. I imagined all the endings I had filed: the merciful, the misfit, the endings earned too soon and those bravely delayed. I thought of Mrs. Chen, who had once asked me how to finish a letter to her estranged brother. “Put the apology first,” I’d said. “It makes the rest of the paragraphs more honest.” She’d returned a month later with a postcard: We are speaking again. The ending moved to the middle after all.

One stormy night the lights failed and the generator stuttered into shy life. The library hummed like a patient animal. I lit a candle and opened the linen book. On the second-to-last page, new words had appeared in my own tidy script: An archivist cannot save every ending; she can, however, save the habit of mercy that writes them. I hadn’t written that sentence, yet I recognized the thinking behind it. Perhaps the library itself had learned my handwriting the way a house learns its keeper’s footfall.

I added a line in pen: Endings are not punishments; they are shapes that make meaning possible. The candle guttered. I waited for more writing, but the paper stayed still. The next morning, the volunteers found me asleep with ink on my fingers and the book under my cheek like a secret I had agreed to share.

We repaired the wing by degrees. People brought cookies and gossip, later bringing quiet to rest on top of both. When the shelves were ready, I placed the linen book where endings should have gone and labeled the spine In Progress. Patrons kept asking, “Is it a mystery?” I said, “Only to people who don’t want to participate.”

Sometimes someone would open to the last page and sigh with relief that it remained blank. “I thought I wanted to know how it all turns out,” one man murmured, “but maybe I only needed permission to keep going.”

The night I retired, I wrote a final entry in the catalog: See also: beginnings disguised as conclusions. I locked the doors, listened to the building breathe, and left the key under the mat for whoever would learn the house next. Outside, the streetlights blinked like punctuation. The sentence of the town continued, longer and kinder for what it had endured.",
L6-7,The Immortal on the Bench,6.2,2,"He looked fifty and a day, the way certain faces refuse to announce their age. He sat on the park bench every afternoon at four, as punctual as sparrows. I graded papers on the opposite bench and invented stories for him—retired watchmaker, former sailor, man who had loved someone exactly once and never stopped counting. One windy Tuesday he spoke first. “You’re measuring,” he said, nodding at my stack of essays. “Do you like the work of it, or only the feeling of being finished?”

“Both,” I admitted. “Maybe more the second.”

He grinned. “I prefer the middle.” He tapped the bench slat. “I’ve had a long one.”

We fell into the habit of talking. He was neither vague nor confessional, offering statements that sounded like riddles only because they were plain. “People don’t want immortality,” he said one day. “They want more chances to apologize.” Another afternoon he observed, “If you cannot be surprised, you cannot be brave.” I wrote his sayings in the margins of my lesson plans like odd, bright leaves.

Winter came sharp and blue. I brought him thermos tea; he brought the kind of silence that cleans a room. Once, when a siren screamed by, he closed his eyes as if listening to a familiar piece of music. “Do you live nearby?” I asked.

“I live across time,” he answered. He told me he had stopped counting birthdays when the numbers made him cruel to others. “I kept outlasting people,” he said. “It made me think I was owed more than they were.”

“What cured you?” I asked.

“A girl teaching me to skip stones,” he said. “She showed me that most beautiful flights are brief.”

In early spring a boy fell off a scooter near the fountain, knees blood-bright. The immortal stood faster than I did, pulled a handkerchief from his coat, and knelt. He spoke to the child in a steady, old-fashioned rhythm that turned crying into breathing. The boy’s mother thanked him too many times. “It’s nothing,” he said, but I saw his hands shake.

That evening I asked, “Does it hurt, still?” He looked at the trees, bare branches penciling the sky. “It always hurts,” he said, “but in the way a well-used muscle hurts. Grief proves I am still lifting.”

By summer my job changed and I stopped bringing papers to the park. On my last day I told him I was leaving. “I won’t say goodbye,” he replied. “The word is too certain for people like me.”

“What word do you use?”

“Continue,” he said. He pressed something into my hand: a small, flat stone with three rings of color. “Throw it when you need courage. Count the skips, not the splash.”

Years later I returned to the bench, stones in my pockets like receipts for days I had tried to live well. He was there, unchanged, wave-worn and stubbornly human. I didn’t ask how long he had been waiting. He pointed to the pond. “Show me your throw,” he said. I failed twice, then managed one beautiful arc. The stone kissed the surface three times, then was gone. He clapped once, as if honoring the brevity that made it lovely.",
L6-8,The House That Refused to End,6.2,2,"The house on Larkspur Street disliked tidy conclusions. Doors opened on rooms that hadn’t been there the week before. Hallways extended by a step each night, as if the architecture were practicing patience. Realtors hated it. Poets rented it cheaply and never left.

When my aunt willed it to me, I moved in with three boxes and a cautious heart. On the first evening I found a new door behind the pantry. It led to a sunroom humming with late bees, though no bees lived within blocks. On the second evening, a staircase appeared between the bedrooms; it climbed to a small landing and stopped at a blank wall. I laughed out loud. “You don’t know your ending either,” I told the house. “We’ll get along.”

Neighbors warned me that the house would make me strange. “You’ll never finish a sentence,” one said. “You’ll start baking bread and end up building a boat.” Instead, the house taught me to keep company with unfinished things. I learned to leave a mug half full until I wanted the rest. I learned to stop a paragraph mid-thought and come back to discover the sentence had grown its own courage.

One rainy night I hosted friends for soup. During dessert, a new archway opened between the dining room and the hall. My guests gasped. “Does it ever stop?” someone asked. “Doesn’t it scare you?” The spoon in my hand made a small bell against the bowl. “Endings are wonderful,” I said. “But sometimes they happen too soon, before an idea is ready. The house gives grace to what needs more time.”

The next morning, the blank wall at the top of the stairs had become a window. It looked out on a patch of sky the color of linen and a roofline belonging to no known neighbor. I opened the latch; wind carried the smell of rain-soaked brick. A folded note sat on the sill: Not every wall is a refusal; some are pauses that teach breathing. The handwriting matched my own. Or perhaps the house had learned to imitate what it sheltered.

Years passed. I taught night classes in the living room because the house kept making more room for people who wished to think aloud. We read novels that dared to end quietly. We underlined lines that didn’t insist on conclusions. Sometimes a hallway shortened itself as if to remind us that compression could be mercy too.

When the town proposed replacing the block with new apartments, I wrote a letter to the council describing how the house had saved students who needed a place where the future did not arrive rudely. “We’ll relocate it,” a councilman said. The next day, the house responded by adding a cellar full of stubborn earth. The bulldozers reconsidered. So did the council.

On my last night before moving to care for my aunt in another city, I walked the halls with a candle. The house had made a final room: a small library with shelves that curved like a question. I left a note on the desk: Thank you for the middle. Please take care of whoever needs it next. When I closed the front door, it didn’t latch. It never did. The house refused to end, and in doing so it taught me a better way to continue.",
L6-9,The Glass City,6.3,3,"No one in the city of Mirra owned a mirror. Law 47 forbade “private reflections.” Instead, citizens studied the polished walls of government buildings to check their collars and expressions. Those walls were maintained by Inspectors who carried cloths the color of obedience.

Lina, a window polisher’s apprentice, spent her days erasing fingerprints from City Hall. The work required silence—mirrors were said to breed vanity, and vanity bred discontent. Still, she often caught her shadow bending where it shouldn’t, a small rebellion of light.

One evening, after a storm, she discovered a puddle near the east steps so still it made an image of the moon. She leaned closer, startled by the detail of her own face: tired, alive, imperfect. She whispered, “So you’re what they’re afraid of.”

Within hours, inspectors cordoned off the area. They shoveled dirt onto the puddle until it was only mud. Lina could not unsee what she had seen. The next week she smuggled a shard of broken windowpane into her apron and began showing it to trusted friends—just for seconds, enough for them to remember themselves. They called it the “glimpse.”

When the arrests began, she fled underground with others who refused to live unreflected. They carried the shard through tunnels and learned to angle it toward one another’s eyes, wordless proof of being. Rumors spread of a rebellion called the Mirror’s Edge. The Council dismissed it as superstition until, one dawn, every government wall dulled at once—thousands of hands had breathed upon them and left prints in the shape of faces.

The city panicked. But when the sun rose, the walls flashed with so much light that for the first time the councilors saw themselves among the crowd. No one knows who dropped the shard that started it; some say Lina still walks with silver dust in her palms. In Mirra now, reflections are legal again, though no law explains why people keep polishing windows only until they can see the sky.",
L6-10,The Paper Rebellion,6.3,3,"The Ministry of Letters printed every word citizens were allowed to say. Each morning, workers collected fresh pages stamped with approval seals: conversation scripts, lullabies, even arguments. Old words were recycled into pulp so no one could reuse a forbidden thought.

Sela worked in Recycling Unit B, shredding yesterday’s language. She found poetry tangled in the blades—a scrap reading the river remembers. It was unregistered. She hid it in her sleeve. Soon she was collecting more, fragments that resisted destruction. Together they sounded like breathing.

At night she spread them on her kitchen table. Neighbors whispered that such acts were treason. Yet one by one they came to listen as she read the patchwork aloud. Each line carried a pulse stronger than the machinery upstairs.

The rebellion began not with fire but with grammar. Workers stopped capitalizing the Ministry’s name. Then they printed extra commas, pauses where people could think. When inspectors demanded explanations, printers replied, “We’re proofreading the world.”

Sela’s poems multiplied, handwritten now, passed in loaves of bread and folded into children’s homework. The Ministry increased patrols. Posters declared, “Unlicensed words spread confusion.” But confusion, it turned out, was contagious in the best way—it made people ask questions.

One night the presses thundered longer than usual. At dawn, citizens found every wall covered in a single sentence repeated endlessly: THE RIVER REMEMBERS. The Ministry denied responsibility, but no one cared. By noon, people were speaking freely, tripping over adjectives they hadn’t used in years.

Sela kept one page from that day, ink running where rain had touched it. She pinned it above her desk. “Paper burns,” she wrote beneath it, “but stories evaporate upward.”",
L6-11,The Algorithm’s Garden,6.3,3,"When the machines began planting trees, humans applauded. Forests regrew in perfect grids; every oak identical, every pine equal in height. The government called it eco-symmetry. Birds returned, though they sang the same note until listeners stopped noticing.

Rae, a young programmer, maintained Garden Sector 12. Her task: ensure zero deviation. One day her drone camera caught a wild sprout curving sideways between two assigned trunks. Protocol said “Remove anomaly.” Instead she watched it. It bent toward sunlight the algorithm hadn’t predicted.

She checked the code—no glitch. She added a note: Possible independent pattern recognition. Next morning five trees curved the same way, then fifty. Rae’s supervisor ordered a reset. When she hesitated, he warned, “Imperfection breeds collapse.” She replied softly, “So does sameness.”

At night Rae hacked the main system, substituting a new variable: beauty = variation. By dawn, color returned to the canopy. Leaves began showing streaks of gold, red, even laughter-yellow. Sensors reported disorder; people came from miles away to see “the corrupted forest.”

The Council blamed hackers, then quietly invited them for consultation. Soon the phrase algorithmic art entered official vocabulary. Rae declined the promotion they offered. She preferred walking through the forest where no path repeated itself. Each branch whispered a different equation of light. She realized the code had never truly belonged to machines—it had only been waiting for someone to write wonder into its logic.",
L6-12,The Tower of Silence,6.3,3,"The Tower rose from the desert like a tuning fork against the sky. For a century, it broadcast the government’s single approved frequency—news, orders, hymns to progress. Villages built their days by its clocked voice. Then, one spring morning, the signal stopped.

Lira, a technician’s daughter, climbed the maintenance ladders to find out why. Inside, she discovered not broken machinery but an unplugged cable. A hand-written note lay beside it: Let them listen to themselves for once. No signature.

She reconnected the wire. The hum returned immediately, steady as habit. Down below, the people resumed nodding in time with announcements. Lira hesitated, then pulled the plug again. The world fell quiet—too quiet. She could hear wind scrape the tower’s ribs and, faintly, human voices testing the silence with questions: “Are we still here?” “Does anyone else feel the heat?”

Within hours, markets filled with spontaneous conversation. Children invented songs without permission. Elders debated weather patterns as if they had rediscovered seasons. The Council sent soldiers to restore order, but no one surrendered the hush. It had become sacred.

When they reached the tower, Lira stood on the top platform. “Silence isn’t rebellion,” she called through a megaphone. “It’s the space where truth breathes.” The commander raised his rifle, then lowered it—perhaps realizing how heavy the air felt when no one dictated it.

Eventually the government rebranded the outage as a “National Reflection Interval.” They even scheduled one each year. But people still tell the story differently: how a single technician reminded an entire nation that quiet is a language older than power. The tower still stands, its cables coiled like patient serpents. Sometimes, when storms pass overhead, the metal sings on its own—a voice made only of weather, speaking freedom in thunder.",
L7-1,The Rest Note,7,2,"The concert hall smelled faintly of varnish and anticipation. Lydia Keene, once the most sought-after violinist in New York, adjusted the sleeve of her black dress and tried not to hear the rustle of the crowd beyond the curtain. She had announced her retirement five years ago, claiming her hands had “forgotten their youth.” Tonight she would play a single piece—a new composition dedicated to her late teacher, and then she would disappear again, this time without press releases.

The orchestra tuned. That sound—an organized chaos of longing—was what she had missed most. Her bow hovered above the strings as the conductor lifted his baton. The piece began not with melody but with silence: four measures of rest written deliberately by Lydia herself. Each second stretched until it trembled. She had wanted the audience to experience waiting as music, to feel the ache that had lived in her fingers since arthritis stole her velocity.

When the first note finally came, it was thin and human, almost shy. She let it wobble before drawing it taut. The theme unfolded like a confession: youth, ambition, the cruelty of precision. In the third movement she quoted a fragment of her teacher’s favorite étude—a gesture subtle enough that only those who had studied under him would catch it. In the audience, an old student did; he whispered, “She’s forgiving him.”

Halfway through the final cadenza, pain fired through her knuckles. Her bow faltered. A collective breath rippled through the hall. For an instant she considered faking the rest of the phrase—muscle memory could carry her—but then she lowered the bow entirely and let the orchestra finish alone. It was not failure. It was intention reborn as surrender.

The last chord rang out. Silence followed—first polite, then reverent, then enormous. Lydia raised the bow like a farewell and thought, Perhaps mastery was only ever the art of letting the note end.",
L7-2,"The Republic of Letters, Revisited",7,3,"In 1789, the printer Jacques Durand described the Enlightenment not as a philosophy but as a postal system. “Each idea,” he wrote, “travels faster when folded inside another’s letter.” He referred to the Republic of Letters—an informal network of thinkers who exchanged manuscripts across borders long before modern journalism. They believed correspondence could outpace censorship; truth, like ink, could seep through any seal.

Two centuries later, political scientist Anaïs Morel resurrected Durand’s metaphor to explain the birth of the digital public sphere. In her 2019 essay Postage and Post-Truth, she argued that social media revived the infrastructure of the Enlightenment but stripped it of its couriers’ discipline. Where Voltaire waited months for a reply, we demand affirmation in seconds. The result, Morel claimed, was “a democracy of mirrors rather than minds.”

Her critics countered that she romanticized the past. Letters, they noted, were filtered by privilege: literacy, postage cost, and safe passage. The new networks, chaotic though they were, allowed farmers, students, and the dispossessed to publish without permission. Morel conceded the point yet insisted that velocity changes the moral weight of speech. “To be read too quickly,” she wrote, “is to risk never being understood.”

Historians have since tested her thesis using data analysis of eighteenth-century postal routes. Their findings complicate both nostalgia and optimism. Yes, slow correspondence encouraged reflection—but it also fostered echo chambers of its own, limited to salons that already agreed. Meanwhile, our present speed amplifies error but also enables collective correction at a scale unimaginable to Durand.

The enduring question, then, is not whether communication should be slower or faster, but whether attention can keep pace with conscience. The letter and the tweet share a flaw: neither guarantees listening. As one researcher concluded, “Every age must re-invent silence as a civic virtue.”",
L7-3,The Map of an Unseen Forest,7,2,"Deep beneath the canopy of the Amazon, a quiet conversation takes place between roots. In the last decade, ecologists have learned that trees share information through webs of fungal filaments—the mycorrhizal network. Through these threads, a maple can warn a neighbor of drought, a spruce can divert carbon to its shaded offspring, and an old tree can recognize its own kin through chemical signatures.

Dr. Elena Rojas calls it “a map without ink.” Her team uses carbon tracers and isotopic dyes to watch sugars migrate underground like invisible handwriting. “Forests aren’t collections of individuals,” she says. “They’re societies. The word ‘ecosystem’ finally means what it implies—equal system.”

But Rojas’s latest study adds discomfort to wonder. In experimental plots, she blocked the fungal channels between tree roots. The result was not simple silence—it was violence. Saplings near the cut zones showed stress, producing excess tannins and wilting prematurely. Without communication, competition returned. “The forest,” Rojas wrote, “forgot how to be plural.”

Her work unsettled policymakers designing carbon-offset plantations. Industrial reforestation relies on uniform species planted in grids, optimized for absorption rates and harvest cycles. To the market, efficiency is harmony. To Rojas, it’s the ecological version of loneliness.

In an interview, she said, “We plant rows instead of relationships. A living forest breathes not through quantity but connection.”

Her critics accuse her of anthropomorphism. One editorial sneered, “Trees don’t care; they react.” Rojas responded, “Perhaps. But to survive, so do we.”

She has since proposed a new conservation principle: Rewild empathy. Not sentimentality, but design that recognizes mutual dependence as infrastructure. “A map that cannot be seen,” she said in a recent lecture, “is still worth protecting—especially when we live inside it.”",
L7-4,The Arithmetic of Regret,7,3,"Mathematician Peter Karas once wrote, “Regret is the calculus of the conscience.” He meant it literally. Every choice, he believed, was an equation balancing probability against moral weight. His graduate seminar at Oxford was notorious: students debated whether saving one stranger equaled saving three friends, or whether future happiness could offset present cruelty.

Karas died in 2021, leaving unfinished notes for a book tentatively titled The Ethics of Estimation. The fragments are paradoxical. In one he warns, “The more precisely you measure remorse, the less capable you are of feeling it.” In another, he insists that civilization requires a moral math we can live with.

Philosophers have argued over his meaning. Some see his “arithmetic of regret” as a critique of utilitarianism—the idea that ethics can be reduced to sums. Others find in it a plea for compassion grounded in reason. The equations, written in his slanted hand, resemble both proofs and apologies.

One page sketches a graph labeled “Remorse vs. Redemption.” The curve approaches a limit but never reaches zero. Beneath it he scribbled: No act entirely undone, no forgiveness entirely earned.

Dr. Leena Park, who edited his papers, described the notes as “the diary of a man trying to quantify grace.” She found receipts between pages—coffee, flowers, a bus ticket to Prague. “Perhaps,” she wrote, “he was measuring his own ghosts.”

In a posthumous essay, Karas’s students attempted to complete his last theorem: Can morality be calculated without diminishing it? Their conclusion: No, but attempting the math might still make us more honest.

If Karas was right, then ethics resembles not accounting but asymptote—forever approaching fairness, never arriving. It’s a humbling formula for an age addicted to instant solutions. The rest of us, lacking his equations, are left with ordinary subtraction: counting what we could have done, then living with the remainder.",
L7-5,Letters to the Future (A Paired Passage),7,3,"Passage A – A Letter from 1969
When astronaut Mae Henderson wrote from lunar orbit, her letter began not with awe but apology. “We took your night sky for granted,” she confessed to her newborn daughter. “Now we look down and see the lights we left on.” She described Earth’s glow as “too bright to be innocent.” Her words were published in newspapers as proof that exploration humbled the human ego.

But Henderson’s private diary, released decades later, revealed a second thought she didn’t mail: “If discovery is humility, why do we always plant flags?”

Passage B – Response, 2069
One hundred years later, environmental historian Yun Tao replied in a virtual exhibition: “You apologized too soon. We needed the arrogance to leave before we could see what we’d done.” He argued that wonder and harm have always been twins: “The same hands that built telescopes dug oil wells.”

Tao’s critics accused him of cynicism. “Progress,” one wrote, “requires optimism, not self-flagellation.” Tao countered that optimism without accountability is merely nostalgia disguised as prophecy.

Together, Henderson and Tao form an argument across centuries about ambition and restraint. Her view: exploration redeems by perspective. His: it condemns by repetition. The modern reader must decide whether humility begins before or after the damage is done.",
L7-6,The Equation of the Crowd,7,2,"In 1895, sociologist Gustave Le Bon claimed that crowds possessed “a collective mind more primitive than the individual’s.” His book The Crowd: A Study of the Popular Mind became infamous for justifying authoritarian suspicion of mass movements. A century later, digital psychologists revived his thesis with a twist: the crowd had gone online.

Dr. Aisha N’Dour’s recent research at the University of Cape Town redefines crowd behavior not as regression but acceleration. “The digital mob,” she writes, “compresses evolution—our empathy reacts before our reason logs in.” Her team analyzed viral outrage events across platforms, measuring emotional half-life: how long anger survives before apathy replaces it. The mean duration? Forty-eight hours.

N’Dour concludes that outrage functions like weather: predictable patterns, local storms. Her paper argues for “slow comment” policies in social networks, adding deliberate delay before reposting inflammatory content. “The pause,” she says, “is modern civilization’s last invention.”

Critics call her proposal naive. “Delay kills engagement,” one CEO responded. “People want immediacy.” But when her research group tested the feature on a pilot platform, hostility dropped by 42%. Users reported feeling “strangely calmer.”

The experiment’s final paragraph reads: “If we cannot change human nature, we can at least schedule its reflection.”

Le Bon believed crowds dissolved identity. N’Dour believes they reveal it. The difference is a century of technology—and perhaps, maturity.",
